Code région,Libellé de la région,Nom de l'élu,Prénom de l'élu,Date de début du mandat,Libellé de fonction,Date de début de la fonction,Nuance mandat,Nuance mars 2018,N° Identification d'un élu,Parti,Lien
84,Auvergne-Rhône-Alpes,BOLVIN,Béatrix,1/1/2016,,,FN,non-inscrit,1509895,aucun,http://www.ledauphine.com/isere-sud/2017/12/09/beatrix-bolvin-claque-la-porte-du-groupe-fn
84,Auvergne-Rhône-Alpes,DELACROIX,Pierre,1/1/2016,,,FN,non-inscrit,1088701,aucun,https://www.lyonmag.com/article/93555/pierre-delacroix-8220-le-front-national-ne-sait-plus-ou-il-habite-8221
84,Auvergne-Rhône-Alpes,GARCIN,Jean-Marie,1/1/2016,,,FN,non-inscrit,1509925,aucun,
84,Auvergne-Rhône-Alpes,ABADIE PARISI,Anne-Françoise,1/1/2016,,,FN,FN,1509927,FN,
84,Auvergne-Rhône-Alpes,AMOS,Olivier,1/1/2016,,,FN,FN,1509894,FN,
84,Auvergne-Rhône-Alpes,BARBIER,Jean Pierre,1/1/2016,,,FN,FN,1509913,FN,
84,Auvergne-Rhône-Alpes,BOUDOT,Christophe,1/1/2016,Autre membre commission permanente,4/1/2016,FN,FN,1181030,FN,
84,Auvergne-Rhône-Alpes,BREUIL,Alain,1/1/2016,,,FN,FN,44724,FN,
84,Auvergne-Rhône-Alpes,BURGAZ,Muriel,1/1/2016,Autre membre commission permanente,4/1/2016,FN,FN,1509897,FN,
84,Auvergne-Rhône-Alpes,CHALON,Pénélope,1/1/2016,,,FN,FN,1509884,FN,
84,Auvergne-Rhône-Alpes,CHAUSSAT,Maxime,1/1/2016,,,FN,FN,1509885,FN,
84,Auvergne-Rhône-Alpes,CHAVELET,Stanislas,1/1/2016,Autre membre commission permanente,4/1/2016,FN,FN,1509910,FN,
84,Auvergne-Rhône-Alpes,COATIVY,Muriel,1/1/2016,Autre membre commission permanente,4/1/2016,FN,FN,1429295,FN,
84,Auvergne-Rhône-Alpes,DAUCHY,Marie,1/1/2016,Autre membre commission permanente,4/1/2016,FN,FN,1509924,FN,
84,Auvergne-Rhône-Alpes,DE KERVEREGUIN,Marie,1/1/2016,,,FN,FN,1318553,FN,
84,Auvergne-Rhône-Alpes,DE PEYRECAVE,Gabriel,1/1/2016,,,FN,FN,1181041,FN,
84,Auvergne-Rhône-Alpes,DESIES,Bruno,1/1/2016,Autre membre commission permanente,4/1/2016,FN,FN,1509900,FN,
84,Auvergne-Rhône-Alpes,DULAC,Michel,1/1/2016,,,FN,FN,1509886,FN,
84,Auvergne-Rhône-Alpes,FAUROT,Eric,1/1/2016,,,FN,FN,1510004,FN,
84,Auvergne-Rhône-Alpes,FAVRE,Marie,9/11/2016,,,FN,FN,834277,FN,
84,Auvergne-Rhône-Alpes,FRITZ,Richard,1/1/2016,,,FN,FN,1277765,FN,
84,Auvergne-Rhône-Alpes,JOLLY,Alexis,1/1/2016,,,FN,FN,1318811,FN,
84,Auvergne-Rhône-Alpes,LACROIX,Gilles,1/1/2016,,,FN,FN,739039,FN,
84,Auvergne-Rhône-Alpes,LECAILLON,Vincent,1/1/2016,,,FN,FN,1447035,FN,
84,Auvergne-Rhône-Alpes,LIGOUT,Sandrine,1/1/2016,,,FN,FN,1430433,FN,
84,Auvergne-Rhône-Alpes,MARION,Agnès,1/1/2016,Autre membre commission permanente,4/1/2016,FN,FN,1499705,FN,
84,Auvergne-Rhône-Alpes,MELLIES,Antoine,1/1/2016,,,FN,FN,1428084,FN,
84,Auvergne-Rhône-Alpes,MONNIER,Thibaut,1/1/2016,Autre membre commission permanente,4/1/2016,FN,FN,1509889,FN,
84,Auvergne-Rhône-Alpes,PELLIER,Laure,1/1/2016,,,FN,FN,1509892,FN,
84,Auvergne-Rhône-Alpes,PERROT,Charles,1/1/2016,Autre membre commission permanente,4/1/2016,FN,FN,4775,FN,
84,Auvergne-Rhône-Alpes,PORQUET,Céline,1/1/2016,,,FN,FN,1221916,FN,
84,Auvergne-Rhône-Alpes,ROBERT,Sophie,1/1/2016,Autre membre commission permanente,4/1/2016,FN,FN,1181060,FN,
84,Auvergne-Rhône-Alpes,SÉNÉCLAUZE,Thierry,1/1/2016,,,FN,FN,1509893,FN,
84,Auvergne-Rhône-Alpes,SURPLY,Isabelle,1/1/2016,,,FN,FN,1509906,FN,
27,Bourgogne-Franche-Comté,CHAMPY,Karine,1/1/2016,,,FN,non-inscrit,1509619,*suspendue*,https://france3-regions.blog.francetvinfo.fr/politiquefranchecomte/2017/03/25/le-groupe-front-national-a-la-region-ecarte-une-elue-jugee-trop-proche-de-marion-marechal-le-pen.html
27,Bourgogne-Franche-Comté,GUILLARME REDL,Valérie,1/1/2016,,,FN,non-inscrit,1509626,aucun,http://www.lejsl.com/edition-de-chalon/2017/10/13/la-conseillere-regionale-valerie-redl-regle-ses-comptes-avec-le-nouveau-et-l-ancien-fn-(-communique)
27,Bourgogne-Franche-Comté,ACARD,Julien,1/1/2016,,,FN,non-inscrit,1500752,Les Patriotes,https://www.challenges.fr/politique/les-patriotes-comment-florian-philippot-veut-ringardiser-le-front-national-de-marine-le-pen_503112
27,Bourgogne-Franche-Comté,CABOCHE,Nicole,1/1/2016,,,FN,non-inscrit,1509622,Les Patriotes,http://www.lejsl.com/edition-montceau/2018/01/27/les-patriotes-du-departement-reunis-a-montceau
27,Bourgogne-Franche-Comté,CHUDZIK,Antoine,1/1/2016,Autre membre commission permanente,4/1/2016,FN,non-inscrit,1509625,Les Patriotes,https://oeilsurlefront.liberation.fr/actualites/2017/09/22/les-proches-de-philippot-claquent-aussi-la-porte-du-fn_1598196
27,Bourgogne-Franche-Comté,DESSEIGNE,Nathalie,1/1/2016,Autre membre commission permanente,4/1/2016,FN,non-inscrit,1509614,Les Patriotes,http://www.leprogres.fr/jura/2017/09/21/la-conseillere-regionale-nathalie-desseigne-quitte-le-parti
27,Bourgogne-Franche-Comté,JEANROCH,Patrick,1/1/2016,,,FN,non-inscrit,1509634,Les Patriotes,https://oeilsurlefront.liberation.fr/actualites/2017/09/22/les-proches-de-philippot-claquent-aussi-la-porte-du-fn_1598196
27,Bourgogne-Franche-Comté,MONTEL,Sophie,1/1/2016,,,FN,non-inscrit,45362,Les Patriotes,https://oeilsurlefront.liberation.fr/actualites/2017/09/22/les-proches-de-philippot-claquent-aussi-la-porte-du-fn_1598196
27,Bourgogne-Franche-Comté,NOIROT,Lilian,1/1/2016,,,FN,non-inscrit,1436143,Les Patriotes,https://oeilsurlefront.liberation.fr/actualites/2017/09/22/les-proches-de-philippot-claquent-aussi-la-porte-du-fn_1598196
27,Bourgogne-Franche-Comté,AMELLA,Sophie,1/1/2016,,,FN,FN,1509608,FN,
27,Bourgogne-Franche-Comté,BEAULIEU,Sylvie,1/1/2016,Autre membre commission permanente,4/1/2016,FN,FN,1509605,FN,
27,Bourgogne-Franche-Comté,CANTIN,Damien,1/1/2016,,,FN,FN,1509623,FN,
27,Bourgogne-Franche-Comté,CAVIN,Édouard,1/1/2016,,,FN,FN,1257831,FN,
27,Bourgogne-Franche-Comté,CLERC,Colette,1/1/2016,,,FN,FN,1509620,FN,
27,Bourgogne-Franche-Comté,DELYON,Isabelle,1/1/2016,Autre membre commission permanente,4/1/2016,FN,FN,1509606,FN,
27,Bourgogne-Franche-Comté,FERRAND,Alexandrine,1/1/2016,Autre membre commission permanente,4/1/2016,FN,FN,1509627,FN,
27,Bourgogne-Franche-Comté,GAILLARD,Franck,1/1/2016,,,FN,FN,259915,FN,
27,Bourgogne-Franche-Comté,GUIBERT,Julien,1/1/2016,,,FN,FN,1509629,FN,
27,Bourgogne-Franche-Comté,LASSARRE,Florence,1/1/2016,,,FN,FN,1509617,FN,
27,Bourgogne-Franche-Comté,LOMBARD,Patrice,1/1/2016,,,FN,FN,401593,FN,
27,Bourgogne-Franche-Comté,MONTRELAY,Stéphane,1/1/2016,Autre membre commission permanente,4/1/2016,FN,FN,1325545,FN,
27,Bourgogne-Franche-Comté,ODOUL,Julien,1/1/2016,Autre membre commission permanente,4/1/2016,FN,FN,1509630,FN,
27,Bourgogne-Franche-Comté,RICCIARDETTI,Jacques,1/1/2016,Autre membre commission permanente,4/1/2016,FN,FN,142940,FN,
27,Bourgogne-Franche-Comté,STEPHAN,Marcel,1/1/2016,,,FN,FN,1180824,FN,
53,Bretagne,BLEIN,Catherine,13/12/2015,Autre membre commission permanente,18/12/2015,FN,non-inscrit,1509767,aucun,https://actu.fr/bretagne/mousteru_22156/catherine-blein-conseillere-regionale-suspendue-par-le-fn-pour-propos-homophobes-et-islamophobes_7556224.html
53,Bretagne,D'ORSANNE,Virginie,13/12/2015,,,FN,FN,1310041,FN,
53,Bretagne,DE MELLON,Gérard,13/12/2015,,,FN,FN,1509768,FN,
53,Bretagne,IRAGNE,Bertrand,13/12/2015,,,FN,FN,1375158,FN,
53,Bretagne,LE FUR,Patrick,13/12/2015,,,FN,FN,1509771,FN,
53,Bretagne,LECHEVALIER,Christian,13/12/2015,,,FN,FN,1509784,FN,
53,Bretagne,MIAILHES,Philippe,13/12/2015,,,FN,FN,1509772,FN,
53,Bretagne,PENNELLE,Gilles,13/12/2015,Autre membre commission permanente,18/12/2015,FN,FN,1310040,FN,
53,Bretagne,RICHARD,Agnès,13/12/2015,,,FN,FN,1509785,FN,
53,Bretagne,SALMON,Emeric,13/12/2015,Autre membre commission permanente,18/12/2015,FN,FN,1509779,FN,
53,Bretagne,THOMAÏDIS,Renée,13/12/2015,,,FN,FN,1509774,FN,
53,Bretagne,VANEECLOO,Anne,13/12/2015,,,FN,FN,1509780,FN,
24,Centre-Val-de-Loire,COUEILLE,Jean-René,13/12/2015,,,FN,FN,1509590,FN,
24,Centre-Val-de-Loire,CUIGNACHE,Alexandre,13/12/2015,,,FN,FN,1509591,FN,
24,Centre-Val-de-Loire,LOISEAU,Philippe,13/12/2015,,,FN,FN,345742,FN,
24,Centre-Val-de-Loire,RUEL,Sylvie,13/12/2015,,,FN,FN,1509592,FN,
24,Centre-Val-de-Loire,COLOMBIER,Matthieu,13/12/2015,,,FN,FN,1180781,FN,
24,Centre-Val-de-Loire,DE LA RUFFIE,Stanislas,13/12/2015,,,FN,FN,1509593,FN,
24,Centre-Val-de-Loire,FRACZAK,Daniel,13/12/2015,,,FN,FN,1315140,FN,
24,Centre-Val-de-Loire,GODEFROY,Gilles,24/12/2015,,,FN,FN,1180787,FN,
24,Centre-Val-de-Loire,PÉAN,Véronique,13/12/2015,,,FN,FN,1315790,FN,
24,Centre-Val-de-Loire,CHASSIER,Michel,13/12/2015,,,FN,FN,3143,FN,
24,Centre-Val-de-Loire,PARIS,Mathilde,13/12/2015,,,FN,FN,1329169,FN,
24,Centre-Val-de-Loire,BEAULIER,Jeanne,13/12/2015,,,FN,FN,1509598,FN,
24,Centre-Val-de-Loire,BOISGERAULT,Nadine,13/12/2015,,,FN,FN,1509599,FN,
24,Centre-Val-de-Loire,DE GEVIGNEY,Charles,13/12/2015,,,FN,FN,1509600,FN,
24,Centre-Val-de-Loire,LECOQ,Philippe,13/12/2015,,,FN,FN,1187698,FN,
24,Centre-Val-de-Loire,MARCHETTI,Ludovic,13/12/2015,,,FN,FN,1504527,FN,
24,Centre-Val-de-Loire,RAIMBAULT,Martine,13/12/2015,,,FN,non-inscrit,1251815,Les Patriotes,http://www.magcentre.fr/140566-region-une-elue-fn-martine-raimbault-passe-chez-philippot/
44,Grand Est,BAUCHE,Pascal,1/1/2016,,,FN,Les Patriotes,1367575,Les Patriotes,https://www.lalsace.fr/politique/2017/09/22/florian-philippot-cree-son-propre-groupe
44,Grand Est,BRUCKMANN,Patricia,1/1/2016,,,FN,Les Patriotes,1376986,Les Patriotes,https://www.lalsace.fr/politique/2017/09/22/florian-philippot-cree-son-propre-groupe
44,Grand Est,BURG,Laurence,1/1/2016,Autre membre commission permanente,4/1/2016,FN,CNIP,397346,CNIP,https://www.franceinter.fr/politique/dans-le-grand-est-l-hemorragie-frontiste-se-poursuit
44,Grand Est,CONIGLIO,Stéfanie,1/1/2016,,,FN,Les Patriotes,1376989,Les Patriotes,https://www.lalsace.fr/politique/2017/09/22/florian-philippot-cree-son-propre-groupe
44,Grand Est,CUDEL,Fabienne,1/1/2016,,,FN,CNIP,1509706,CNIP,https://www.franceinter.fr/politique/dans-le-grand-est-l-hemorragie-frontiste-se-poursuit
44,Grand Est,DIDELOT,Andréa,1/1/2016,,,FN,Les Patriotes,1509724,Les Patriotes,https://www.lalsace.fr/politique/2017/09/22/florian-philippot-cree-son-propre-groupe
44,Grand Est,GOURLOT,Thierry,1/1/2016,,,FN,CNIP,834661,CNIP,https://www.franceinter.fr/politique/dans-le-grand-est-l-hemorragie-frontiste-se-poursuit
44,Grand Est,GROSSE-CRUCIANI,Jordan,1/1/2016,Autre membre commission permanente,4/1/2016,FN,CNIP,1509739,CNIP,https://www.franceinter.fr/politique/dans-le-grand-est-l-hemorragie-frontiste-se-poursuit
44,Grand Est,HOFF,Hervé,1/1/2016,,,FN,CNIP,1380308,CNIP,https://www.franceinter.fr/politique/dans-le-grand-est-l-hemorragie-frontiste-se-poursuit
44,Grand Est,JENFT,Pascal,1/1/2016,,,FN,Les Patriotes,1376701,Les Patriotes,https://www.lalsace.fr/politique/2017/09/22/florian-philippot-cree-son-propre-groupe
44,Grand Est,KAUFMANN,Corinne,1/1/2016,,,FN,CNIP,1509712,CNIP,https://www.franceinter.fr/politique/dans-le-grand-est-l-hemorragie-frontiste-se-poursuit
44,Grand Est,KLEIN,Eliane,1/1/2016,Autre membre commission permanente,4/1/2016,FN,Les Patriotes,1421396,Les Patriotes,https://www.lalsace.fr/politique/2017/09/22/florian-philippot-cree-son-propre-groupe
44,Grand Est,LAVAL,Thomas,1/1/2016,Autre membre commission permanente,4/1/2016,FN,Les Patriotes,1509705,Les Patriotes,https://www.lalsace.fr/politique/2017/09/22/florian-philippot-cree-son-propre-groupe
44,Grand Est,MARCELLI,Sylvain,1/1/2016,,,FN,Les Patriotes,1509734,Les Patriotes,https://www.lalsace.fr/politique/2017/09/22/florian-philippot-cree-son-propre-groupe
44,Grand Est,MASSON-WEYL,David,1/1/2016,,,FN,Les Patriotes,1509710,Les Patriotes,https://www.lalsace.fr/politique/2017/09/22/florian-philippot-cree-son-propre-groupe
44,Grand Est,PHILIPPOT,Florian,1/1/2016,,,FN,Les Patriotes,1376985,Les Patriotes,https://www.lalsace.fr/politique/2017/09/22/florian-philippot-cree-son-propre-groupe
44,Grand Est,STIEGLER,Brigitte,1/1/2016,,,FN,non-inscrit,1509729,aucun,https://www.dailymotion.com/video/x6h3m2l
44,Grand Est,VILAIN,Eric,1/1/2016,Autre membre commission permanente,4/1/2016,FN,Les Patriotes,1180881,Les Patriotes,https://www.lalsace.fr/politique/2017/09/22/florian-philippot-cree-son-propre-groupe
44,Grand Est,ABRAHAM,Julia,1/1/2016,,,FN,FN,1423273,FN,
44,Grand Est,BADER,Jean-Claude,1/1/2016,Autre membre commission permanente,4/1/2016,FN,FN,584082,FN,
44,Grand Est,BESSON,Thierry,1/1/2016,,,FN,FN,1022036,FN,
44,Grand Est,BILDE,Dominique,1/1/2016,,,FN,FN,1379953,FN,
44,Grand Est,DE LACOSTE LAREYMONDIE,Marie Hélène,1/1/2016,Autre membre commission permanente,4/1/2016,FN,FN,1509731,FN,
44,Grand Est,DEMANGE,Cindy,1/1/2016,,,FN,FN,1509703,FN,
44,Grand Est,DESPAS,Maryse,1/1/2016,,,FN,FN,1509700,FN,
44,Grand Est,DO SANTOS,Marina,1/1/2016,,,FN,FN,1509738,FN,
44,Grand Est,DU PARC,Hombeline,1/1/2016,Autre membre commission permanente,4/1/2016,FN,FN,1509726,FN,
44,Grand Est,ENGELMANN,Fabien,1/1/2016,,,FN,FN,1377485,FN,
44,Grand Est,ERRE,Pascal,1/1/2016,,,FN,FN,833932,FN,
44,Grand Est,EURY,Gregoire,1/1/2016,,,FN,FN,1509708,FN,
44,Grand Est,FABRE,Frédéric,1/1/2016,Autre membre commission permanente,4/1/2016,FN,FN,1509707,FN,
44,Grand Est,GNAEDIG,Laurent,1/1/2016,,,FN,FN,1509727,FN,
44,Grand Est,GOUTHIER,Emilie,1/1/2016,,,FN,FN,1509704,FN,
44,Grand Est,GROLET,Françoise,1/1/2016,Autre membre commission permanente,4/1/2016,FN,FN,830851,FN,
44,Grand Est,HAACK,Francine,1/1/2016,,,FN,FN,1509709,FN,
44,Grand Est,JORON,Virginie,1/1/2016,Autre membre commission permanente,4/1/2016,FN,FN,1509733,FN,
44,Grand Est,LEFEVRE,Jean-Christophe,1/1/2016,,,FN,FN,896355,FN,
44,Grand Est,LUCZKA,Guillaume,1/1/2016,Autre membre commission permanente,4/1/2016,FN,FN,1222519,FN,
44,Grand Est,PFEFFER,Kévin,1/1/2016,Autre membre commission permanente,4/1/2016,FN,FN,1509719,FN,
44,Grand Est,PIERRE,Baptiste,1/1/2016,,,FN,FN,1422815,FN,
44,Grand Est,RANC,Angélique,1/1/2016,,,FN,FN,1228609,FN,
44,Grand Est,STEPHANY,Jennifer,1/1/2016,,,FN,FN,1509711,FN,
44,Grand Est,STICH,Gregory,1/1/2016,,,FN,FN,1509736,FN,
44,Grand Est,SUBTIL,Bruno,1/1/2016,Autre membre commission permanente,4/1/2016,FN,FN,25189,FN,
44,Grand Est,WILHELM,Marion,1/1/2016,Autre membre commission permanente,4/1/2016,FN,FN,1425557,FN,
44,Grand Est,ZIMMERMANN,Christian,1/1/2016,,,FN,FN,1166409,FN,
32,Hauts-de-France,ACS,Nathalie,1/1/2016,,,FN,FN,1180828,FN,
32,Hauts-de-France,BERTIN,Nicolas,1/1/2016,,,FN,FN,151225,FN,
32,Hauts-de-France,BIRMANN,Vincent,1/1/2016,Autre membre commission permanente,4/1/2016,FN,FN,1509660,FN,
32,Hauts-de-France,BLAIN,Marie-Chantal,12/7/2017,,,FN,FN,1390009,FN,
32,Hauts-de-France,BOJANEK,Chantal,1/1/2016,,,FN,FN,1180831,FN,
32,Hauts-de-France,BOURGEOIS,Marie-Christine,1/1/2016,,,FN,FN,1509684,FN,
32,Hauts-de-France,BRANCHE,Jean-Marc,1/1/2016,,,FN,FN,1391507,FN,
32,Hauts-de-France,BRICE,Laurent,1/1/2016,Autre membre commission permanente,4/1/2016,FN,FN,383405,FN,
32,Hauts-de-France,CASIER,Odile,1/1/2016,,,FN,FN,1403810,FN,
32,Hauts-de-France,CAUDRON,Agnès,1/1/2016,Autre membre commission permanente,4/1/2016,FN,FN,1068169,FN,
32,Hauts-de-France,CHAGNON,Patricia,1/1/2016,,,FN,FN,1464031,FN,
32,Hauts-de-France,CHENU,Sébastien,1/1/2016,Autre membre commission permanente,4/1/2016,FN,FN,2034,FN,
32,Hauts-de-France,CHEVET,Mireille,1/1/2016,Autre membre commission permanente,4/1/2016,FN,FN,1509655,FN,
32,Hauts-de-France,COOLZAET,Françoise,1/1/2016,,,FN,FN,1180834,FN,
32,Hauts-de-France,DANZIN,Jacques,1/1/2016,Autre membre commission permanente,4/1/2016,FN,FN,1386828,FN,
32,Hauts-de-France,DE MEREUIL,Hortense,1/1/2016,,,FN,FN,1509664,FN,
32,Hauts-de-France,DENIAU,Pierre,1/1/2016,,,FN,FN,1509677,FN,
32,Hauts-de-France,DESMAZIERES,Marie,1/1/2016,,,FN,FN,1509665,FN,
32,Hauts-de-France,DILLIES,Eric,1/1/2016,,,FN,FN,1180836,FN,
32,Hauts-de-France,DISDIER,Mélanie,1/1/2016,Autre membre commission permanente,4/1/2016,FN,FN,804483,FN,
32,Hauts-de-France,DUPAS-GIANNITRAPANI,Marie-Annick,1/1/2016,,,FN,FN,1509687,FN,
32,Hauts-de-France,DUPILLE,Yves,1/1/2016,,,FN,FN,1464207,FN,
32,Hauts-de-France,DURIEZ,Marie-Christine,1/1/2016,Autre membre commission permanente,4/1/2016,FN,FN,1509688,FN,
32,Hauts-de-France,ENGRAND,Christine,1/1/2016,Autre membre commission permanente,4/1/2016,FN,FN,1509668,FN,
32,Hauts-de-France,EYMERY,Philippe,1/1/2016,Autre membre commission permanente,4/1/2016,FN,FN,9660,FN,
32,Hauts-de-France,GOLLIOT,Antoine,1/1/2016,,,FN,FN,1400329,FN,
32,Hauts-de-France,GUINIOT,Michel,1/1/2016,Autre membre commission permanente,4/1/2016,FN,FN,4672,FN,
32,Hauts-de-France,HANSEN-CATTA,Paul-Henry,1/1/2016,Autre membre commission permanente,4/1/2016,FN,FN,1509656,FN,
32,Hauts-de-France,HAVEZ,Audrey,1/1/2016,,,FN,FN,1509689,FN,
32,Hauts-de-France,LAMBILLIOTTE,Philippe,1/1/2016,,,FN,FN,1509681,FN,
32,Hauts-de-France,LE PEN,Marine,1/1/2016,,,FN,FN,834072,FN,
32,Hauts-de-France,MARAIS-BEUIL,Claire,1/1/2016,,,FN,FN,1509683,FN,
32,Hauts-de-France,MARECAUX,Christophe,1/1/2016,,,FN,FN,1387613,FN,
32,Hauts-de-France,MURAWSKI,André,1/1/2016,,,FN,FN,1387891,FN,
32,Hauts-de-France,NAVE,Adrien,1/1/2016,Autre membre commission permanente,4/1/2016,FN,FN,1501025,FN,
32,Hauts-de-France,NORMAND,Olivier,1/1/2016,,,FN,FN,1403078,FN,
32,Hauts-de-France,PAJOT,Ludovic,1/1/2016,,,FN,FN,1400007,FN,
32,Hauts-de-France,PHILIPPE,Gérard,1/1/2016,,,FN,FN,335832,FN,
32,Hauts-de-France,ROUX,Jean-Louis,1/1/2016,,,FN,FN,1509659,FN,
32,Hauts-de-France,SAILLARD,Sylvie,1/1/2016,Autre membre commission permanente,4/1/2016,FN,FN,1211270,FN,
32,Hauts-de-France,SALMON,Alexis,1/1/2016,,,FN,FN,1389952,FN,
32,Hauts-de-France,SULZER,Jean-Richard,1/1/2016,Autre membre commission permanente,4/1/2016,FN,FN,1180859,FN,
32,Hauts-de-France,TROSZCZYNSKI,Mylène,1/1/2016,Autre membre commission permanente,4/1/2016,FN,FN,1180761,FN,
32,Hauts-de-France,VERCUCQUE,Rudy,1/1/2016,,,FN,FN,1509696,FN,
32,Hauts-de-France,ZIEGLER,Marie-Claude,1/1/2016,,,FN,FN,1400331,FN,
32,Hauts-de-France,DELBE,Olivier,1/1/2016,,,FN,non-inscrit,28685,aucun,http://www.lavoixdunord.fr/224322/article/2017-09-27/olivier-delbe-ne-rejoindra-pas-les-patriotes
32,Hauts-de-France,DESCAMPS,Véronique,1/1/2016,,,FN,non-inscrit,1383202,Les Patriotes,http://www.lavoixdunord.fr/224396/article/2017-09-27/veronique-descamps-claque-la-porte-du-front-national
32,Hauts-de-France,ITALIANI,Florence,1/1/2016,,,FN,non-inscrit,1390642,aucun,http://www.courrier-picard.fr/20565/article/2017-03-30/florence-italiani-quitte-le-front-national
32,Hauts-de-France,KAZNOWSKI,Guillaume,1/1/2016,,,FN,non-inscrit,1403185,Les Patriotes,http://www.lavoixdunord.fr/226200/article/2017-09-30/quatre-elus-municipaux-fn-quittent-le-parti-et-rejoignent-les-patriotes
32,Hauts-de-France,LEMAIRE,Chantal,1/1/2016,Autre membre commission permanente,4/1/2016,FN,non-inscrit,1509697,aucun,https://france3-regions.francetvinfo.fr/hauts-de-france/picardie/somme/conseil-regional-hauts-france-elue-somme-chantal-lemaire-demissionne-du-fn-1232147.html
32,Hauts-de-France,LEPLAT,Astrid,1/1/2016,,,FN,non-inscrit,1388552,Les Patriotes,http://www.lavoixdunord.fr/224007/article/2017-09-26/apres-la-demission-du-fn-d-astrid-leplat-le-groupe-roubaix-bleu-marine-en
32,Hauts-de-France,PHILIPPOT,Daniel,1/1/2016,,,FN,non-inscrit,1509672,Les Patriotes,http://www.lavoixdunord.fr/223730/article/2017-09-26/cinq-elus-quittent-le-groupe-fn-qui-passe-sous-la-barre-des-50-membres
32,Hauts-de-France,RICHERMOZ,Éric,1/1/2016,,,FN,non-inscrit,1509699,Les Patriotes,http://www.lavoixdunord.fr/223730/article/2017-09-26/cinq-elus-quittent-le-groupe-fn-qui-passe-sous-la-barre-des-50-membres
32,Hauts-de-France,ROSEZ,Virginie,1/1/2016,,,FN,non-inscrit,1387611,Les Patriotes,http://www.lavoixdunord.fr/223730/article/2017-09-26/cinq-elus-quittent-le-groupe-fn-qui-passe-sous-la-barre-des-50-membres
11,Île-de-France,JUILLE,Vanessa,13/12/2015,,,FN,non-inscrit,1492284,aucun,http://www.europe1.fr/politique/trois-conseilleres-dile-de-france-quittent-le-groupe-fn-trop-a-gauche-3511775
11,Île-de-France,TROUSSARD,Béatrice,13/12/2015,,,FN,non-inscrit,1454239,aucun,http://www.europe1.fr/politique/trois-conseilleres-dile-de-france-quittent-le-groupe-fn-trop-a-gauche-3511775
11,Île-de-France,BERTHAUD,Corinne,13/12/2015,,,FN,non-inscrit,1509586,aucun,http://www.lefigaro.fr/politique/le-scan/2018/03/28/25001-20180328ARTFIG00288-deux-elues-d-le-de-france-claquent-la-porte-du-front-national.php
11,Île-de-France,COURNET,Aurélie,13/12/2015,,,FN,non-inscrit,1509558,aucun,http://www.lefigaro.fr/politique/le-scan/2018/03/28/25001-20180328ARTFIG00288-deux-elues-d-le-de-france-claquent-la-porte-du-front-national.php
11,Île-de-France,BENZELMAT,Yasmine,13/12/2015,,,FN,non-inscrit,1509563,Debout la France,http://www.europe1.fr/politique/trois-conseilleres-dile-de-france-quittent-le-groupe-fn-trop-a-gauche-3511775
11,Île-de-France,ANDROUËT,Mathilde,13/12/2015,,,FN,FN,1509550,FN,
11,Île-de-France,BARDELLA,Jordan,13/12/2015,,,FN,FN,1509577,FN,
11,Île-de-France,CHERRIER,Pierre,13/12/2015,,,FN,FN,1509556,FN,
11,Île-de-France,DE FREITAS,Gorete,13/12/2015,,,FN,FN,1509584,FN,
11,Île-de-France,DE SAINT JUST,Wallerand,13/12/2015,,,FN,FN,1180749,FN,
11,Île-de-France,DUBOIS,Jean-Michel,13/12/2015,,,FN,FN,14185,FN,
11,Île-de-France,FATNA,Huguette,13/12/2015,,,FN,FN,831037,FN,
11,Île-de-France,GUIBERT,Audrey,13/12/2015,,,FN,FN,1494324,FN,
11,Île-de-France,LACAPELLE,Jean-Lin,13/12/2015,,,FN,FN,834660,FN,
11,Île-de-France,LEGRAND,Aurélien,13/12/2015,,,FN,FN,1509571,FN,
11,Île-de-France,LOUSTAU,Axel,13/12/2015,,,FN,FN,1510065,FN,
11,Île-de-France,NAUTH,Cyril,13/12/2015,,,FN,FN,1459925,FN,
11,Île-de-France,CHEVRIER,Philippe,13/12/2015,,,FN,non-inscrit,1460682,Front libéré,http://www.leparisien.fr/antony-92160/yvelines-hauts-de-seine-exclu-du-fn-il-cree-son-parti-pour-presenter-des-candidats-aux-legislatives-21-03-2017-6781674.php
11,Île-de-France,BOLLÉE,Joffrey,13/12/2015,,,FN,non-inscrit,1509555,Les Patriotes,https://actu.fr/ile-de-france/coulommiers_77131/le-conseiller-regional-joffrey-bollee-quitte-fn_12732353.html
11,Île-de-France,BOURSE-PROVENCE,Dominique,13/12/2015,,,FN,non-inscrit,1509583,Les Patriotes,http://www.leparisien.fr/ablon-sur-seine-94480/val-de-marne-l-ex-patron-du-fn-rejoint-les-patriotes-12-10-2017-7327014.php
11,Île-de-France,DUTHEIL DE LA ROCHERE,Bertrand,13/12/2015,,,FN,non-inscrit,1509560,Les Patriotes,http://www.nouvelobs.com/en-direct/a-chaud/42526-fn-philippot-chevenementiste-allie-philippot-charge-lettre.html
11,Île-de-France,OUCHIKH,Karim,13/12/2015,,,FN,non-inscrit,684580,SIEL,http://www.siel-souverainete.fr/822-les-raisons-politiques-de-ma-demission-du-groupe-fn-idf-bleu-marine-au-conseil-regional-ile-de-france.html
28,Normandie,FOUCHE-SAILLENFEST,Philippe,1/1/2016,,,FN,FN,1450278,FN,
28,Normandie,HENRY,Chantal,1/1/2016,,,FN,FN,1509638,FN,
28,Normandie,LECHEVALIER,Christelle,1/1/2016,,,FN,FN,1238241,FN,
28,Normandie,ROY,Jean-Philippe,1/1/2016,,,FN,FN,1509641,FN,
28,Normandie,CAMOIN,Emmanuel,1/1/2016,,,FN,FN,1279476,FN,
28,Normandie,DELACOUR,Fabienne,1/1/2016,,,FN,FN,1509643,FN,
28,Normandie,HOUSSIN,Timothée,1/1/2016,Autre membre commission permanente,4/1/2016,FN,FN,1509644,FN,
28,Normandie,PIEL,Alexandra,1/1/2016,,,FN,FN,184883,FN,
28,Normandie,KURDZIEL,Marie-Françoise,1/1/2016,Autre membre commission permanente,4/1/2016,FN,FN,1021191,FN,
28,Normandie,NOËL,Jean-Jacques,1/1/2016,Autre membre commission permanente,4/1/2016,FN,FN,1509645,FN,
28,Normandie,RETOUT,Robert,1/1/2016,,,FN,FN,1357199,FN,
28,Normandie,LAVANRY,Francine,1/1/2016,,,FN,FN,1509648,FN,
28,Normandie,STIEFEL,Lionel,1/1/2016,,,FN,FN,1395873,FN,
28,Normandie,BAY,Nicolas,1/1/2016,,,FN,FN,1180764,FN,
28,Normandie,DUCHAUSSOY,Françoise,1/1/2016,Autre membre commission permanente,4/1/2016,FN,FN,1449579,FN,
28,Normandie,GAILLARD,Jacques,1/1/2016,Autre membre commission permanente,4/1/2016,FN,FN,1451499,FN,
28,Normandie,GILBERT,Isabelle,1/1/2016,Autre membre commission permanente,4/1/2016,FN,FN,1449407,FN,
28,Normandie,LALANNE DE HAUT,Elizabeth,1/1/2016,,,FN,FN,1449255,FN,
28,Normandie,LENOIR,Damien,1/1/2016,,,FN,FN,1450275,FN,
28,Normandie,PENNELLE,Guillaume,1/1/2016,Autre membre commission permanente,4/1/2016,FN,FN,1451754,FN,
28,Normandie,SALVISBERG,Geneviève,1/1/2016,,,FN,FN,1509654,FN,
75,Nouvelle-Aquitaine,BERROYER,Jean-Paul,1/1/2016,,,FN,FN,1509786,FN,
75,Nouvelle-Aquitaine,BOUSQUET-CASSAGNE,Etienne,1/1/2016,Autre membre commission permanente,4/1/2016,FN,FN,1347973,FN,
75,Nouvelle-Aquitaine,BRUN,Yveline,1/1/2016,,,FN,FN,1509810,FN,
75,Nouvelle-Aquitaine,CHADOURNE,Sandrine,1/1/2016,,,FN,FN,1303710,FN,
75,Nouvelle-Aquitaine,CHARBONNEAU,Jean-Romée,1/1/2016,Autre membre commission permanente,4/1/2016,FN,FN,835337,FN,
75,Nouvelle-Aquitaine,CHAUMERON,Lucie,1/1/2016,,,FN,FN,1509823,FN,
75,Nouvelle-Aquitaine,CHEYROUX,Claudie,1/1/2016,Autre membre commission permanente,4/1/2016,FN,FN,1509817,FN,
75,Nouvelle-Aquitaine,COLOMBIER,Jacques,1/1/2016,Autre membre commission permanente,4/1/2016,FN,FN,531559,FN,
75,Nouvelle-Aquitaine,DE AZEVEDO,Aurélie,1/1/2016,Autre membre commission permanente,4/1/2016,FN,FN,1509787,FN,
75,Nouvelle-Aquitaine,DE LACOSTE LAREYMONDIE,Jean-Marc,1/1/2016,,,FN,FN,1509792,FN,
75,Nouvelle-Aquitaine,DIAZ,Edwige,1/1/2016,Autre membre commission permanente,4/1/2016,FN,FN,1509804,FN,
75,Nouvelle-Aquitaine,DUBOIS,Robert,1/1/2016,,,FN,FN,804976,FN,
75,Nouvelle-Aquitaine,GERARD,Vincent,1/1/2016,,,FN,FN,1483393,FN,
75,Nouvelle-Aquitaine,HENAUT,Christelle,1/1/2016,,,FN,FN,918353,FN,
75,Nouvelle-Aquitaine,HOUDET,Christian,1/1/2016,Autre membre commission permanente,4/1/2016,FN,FN,1509811,FN,
75,Nouvelle-Aquitaine,HUSTAIX,Gilles,1/1/2016,,,FN,FN,1509819,FN,
75,Nouvelle-Aquitaine,IRATCHET,Jean-Michel,1/1/2016,,,FN,FN,1509820,FN,
75,Nouvelle-Aquitaine,JOUBERT,Florence,1/1/2016,,,FN,FN,1509802,FN,
75,Nouvelle-Aquitaine,LAMARA,Laurent,1/1/2016,,,FN,FN,1299829,FN,
75,Nouvelle-Aquitaine,MALHERBE,Gonzague,1/1/2016,,,FN,FN,1302192,FN,
75,Nouvelle-Aquitaine,MARTY,Christine,1/1/2016,,,FN,FN,1483394,FN,
75,Nouvelle-Aquitaine,PAIN,Hélène,1/1/2016,,,FN,FN,1509815,FN,
75,Nouvelle-Aquitaine,PALUTEAU,Bruno,1/1/2016,,,FN,FN,1300161,FN,
75,Nouvelle-Aquitaine,ROGISTER,Thierry,1/1/2016,Autre membre commission permanente,4/1/2016,FN,FN,1248259,FN,
75,Nouvelle-Aquitaine,TARRASO,Agnès,1/1/2016,Autre membre commission permanente,4/1/2016,FN,FN,1509798,FN,
75,Nouvelle-Aquitaine,VERDIN,Alain,1/1/2016,,,FN,FN,1481781,FN,
75,Nouvelle-Aquitaine,WERBROUCK,Séverine,1/1/2016,,,FN,FN,1509796,FN,
75,Nouvelle-Aquitaine,FROPOS,Sabine,1/1/2016,,,FN,non-inscrit,1509827,aucun,http://www.centre-presse.fr/template/journal/print.article.php?id=559347
75,Nouvelle-Aquitaine,LE GUEN,Nathalie,1/1/2016,,,EXD,non-inscrit,1300163,Debout la France,
76,Occitanie,ARDINAT,Gilles,1/1/2016,,,FN,FN,1509860,FN,
76,Occitanie,BAGUR,Marie-Dominique,1/1/2016,Autre membre commission permanente,4/1/2016,FN,FN,1472575,FN,
76,Occitanie,BARDOU,Corinne,1/1/2016,,,FN,FN,1471195,FN,
76,Occitanie,BARTHÈS,Christophe,1/1/2016,,,FN,FN,1231960,FN,
76,Occitanie,BAUDRY,Xavier,1/1/2016,,,FN,FN,1418699,FN,
76,Occitanie,BLANC,Sophie,1/1/2016,Autre membre commission permanente,4/1/2016,FN,FN,1509879,FN,
76,Occitanie,CABROLIER,Frédéric,1/1/2016,,,FN,FN,833901,FN,
76,Occitanie,CARETTE,Didier,1/1/2016,,,FN,FN,1509846,FN,
76,Occitanie,CARSALADE,Maïthé,1/1/2016,Autre membre commission permanente,4/1/2016,FN,FN,1509847,FN,
76,Occitanie,COLLARD,Anne-Marie,1/1/2016,Autre membre commission permanente,4/1/2016,FN,FN,1509841,FN,
76,Occitanie,COSTA-FESENBECK,Marie-Thérèse,1/1/2016,,,FN,FN,1181083,FN,
76,Occitanie,CRENNE,Emmanuel,1/1/2016,,,FN,FN,1509874,FN,
76,Occitanie,DOMBES,Marie,1/1/2016,,,FN,FN,1509848,FN,
76,Occitanie,DONADA,Gilles,1/1/2016,,,FN,FN,1289076,FN,
76,Occitanie,DOUNOT-SOBRAQUES,Chantal,1/1/2016,Autre membre commission permanente,4/1/2016,FN,FN,82325,FN,
76,Occitanie,GARDET,Laurence,1/1/2016,,,FN,FN,1290651,FN,
76,Occitanie,GAUBERT,François,1/1/2016,,,FN,FN,1509865,FN,
76,Occitanie,GAUTIER,Gérard,1/1/2016,,,FN,FN,161549,FN,
76,Occitanie,GILLET,Yoann,1/1/2016,,,FN,FN,1290648,FN,
76,Occitanie,GONDRAN,Bernard,1/1/2016,,,FN,FN,148887,FN,
76,Occitanie,JAMET,France,1/1/2016,Autre membre commission permanente,4/1/2016,FN,FN,46389,FN,
76,Occitanie,LAMOTTE,Quentin,1/1/2016,,,FN,FN,1509849,FN,
76,Occitanie,LEONARDELLI,Julien,1/1/2016,Autre membre commission permanente,4/1/2016,FN,FN,1509850,FN,
76,Occitanie,MAURIN,Gérard,1/1/2016,,,FN,FN,1509868,FN,
76,Occitanie,MEIZONNET,Jean-Louis,1/1/2016,,,FN,FN,1292135,FN,
76,Occitanie,MINA,Nicole,1/1/2016,,,FN,FN,1306668,FN,
76,Occitanie,MONTEIL,Olivier,1/1/2016,,,FN,FN,1509878,FN,
76,Occitanie,MORIO,Robert,1/1/2016,,,FN,FN,831262,FN,
76,Occitanie,PAROLIN,Marie-Christine,1/1/2016,,,FN,FN,1509854,FN,
76,Occitanie,PHILIPPE,Laure-Emmanuelle,30/6/2016,,,FN,FN,1513695,FN,
76,Occitanie,PILOZ,Jean-Paul,1/1/2016,,,FN,FN,1469616,FN,
76,Occitanie,PLANE,Julia,1/1/2016,Autre membre commission permanente,4/1/2016,FN,FN,1306571,FN,
76,Occitanie,PRATO,Gérard,1/1/2016,Autre membre commission permanente,4/1/2016,FN,FN,1306172,FN,
76,Occitanie,REMISE,Jean-Guillaume,1/1/2016,Autre membre commission permanente,4/1/2016,FN,FN,1509838,FN,
76,Occitanie,ROQUES,Myriam,1/1/2016,,,FN,FN,1509872,FN,
76,Occitanie,SANCHEZ,Julien,1/1/2016,Autre membre commission permanente,4/1/2016,FN,FN,1181100,FN,
76,Occitanie,TEZENAS DU MONTCEL,Monique,1/1/2016,,,FN,FN,1509843,FN,
76,Occitanie,VIALLON,Thierry,1/1/2016,,,FN,FN,1472574,FN,
76,Occitanie,YELMA,Jean-Luc,1/1/2016,Autre membre commission permanente,4/1/2016,FN,FN,1509858,FN,
76,Occitanie,FONS,Jean-François,1/1/2016,Autre membre commission permanente,4/1/2016,FN,Droite et centre,1079779,aucun,"http://www.lindependant.fr/2017/05/10/fn-entre-jean-francois-fons-et-louis-aliot-l-implosion,3013577.php"
52,Pays-de-la-Loire,BLANCHARD,Jean-Claude,13/12/2015,,,FN,FN,1338973,FN,
52,Pays-de-la-Loire,LUSSAUD,Marguerite,13/12/2015,,,FN,FN,1338008,FN,
52,Pays-de-la-Loire,NÉDÉLEC,Brigitte,13/12/2015,Autre membre commission permanente,18/12/2015,FN,FN,1509745,FN,
52,Pays-de-la-Loire,POTIER,Samuel,13/12/2015,Autre membre commission permanente,18/12/2015,FN,FN,1509748,FN,
52,Pays-de-la-Loire,GOYCHMAN,Jean,13/12/2015,,,FN,FN,646468,FN,
52,Pays-de-la-Loire,LIEUMONT-BRIAND,Monique,13/12/2015,,,FN,FN,1509750,FN,
52,Pays-de-la-Loire,MERLAUD,Aymeric,13/12/2015,,,FN,FN,1509751,FN,
52,Pays-de-la-Loire,DE LA MORINIÈRE,Bruno,13/12/2015,,,FN,FN,1509753,FN,
52,Pays-de-la-Loire,GANNAT,Pascal,13/12/2015,Autre membre commission permanente,18/12/2015,FN,FN,1509757,FN,
52,Pays-de-la-Loire,GENEVREY,Marie,13/12/2015,,,FN,FN,1509758,FN,
52,Pays-de-la-Loire,NICOT,Pascal,13/12/2015,,,FN,FN,1509760,FN,
52,Pays-de-la-Loire,NEVEUX,Brigitte,13/12/2015,Autre membre commission permanente,18/12/2015,FN,FN,1509764,FN,
52,Pays-de-la-Loire,AVELLO,Alain,13/12/2015,,,FN,non-inscrit,1509761,Les Patriotes,http://www.alainavello.fr/index.php/2017/10/16/communique-pour-la-constitution-dun-groupe-patriote-en-pays-de-la-loire/
93,Provence-Alpes-Côte-d'Azur,ALLISIO,Franck,13/12/2015,Autre membre commission permanente,18/12/2015,FN,FN,1509944,FN,
93,Provence-Alpes-Côte-d'Azur,BERTRAND,Aline,13/12/2015,,,FN,FN,1475072,FN,
93,Provence-Alpes-Côte-d'Azur,BETTATI,Olivier,13/12/2015,Autre membre commission permanente,18/12/2015,FN,FN,39215,CNIP,http://www.cnip.fr/2017/11/09/olivier-bettati-rejoint-cnip/
93,Provence-Alpes-Côte-d'Azur,BEZ,Eléonore,13/12/2015,Autre membre commission permanente,18/12/2015,FN,FN,1509945,FN,
93,Provence-Alpes-Côte-d'Azur,BOCCALETTI,Frédéric,13/12/2015,Autre membre commission permanente,18/12/2015,FN,FN,495001,FN,
93,Provence-Alpes-Côte-d'Azur,CHEVALIER,Anne,13/12/2015,,,FN,FN,1217559,FN,
93,Provence-Alpes-Côte-d'Azur,CHEVALIER,Laure,13/12/2015,,,FN,FN,1508145,FN,
93,Provence-Alpes-Côte-d'Azur,D'ANGIO,Sandrine,13/12/2015,,,FN,FN,1499423,FN,
93,Provence-Alpes-Côte-d'Azur,DAUGREILH,Jean-Pierre,13/12/2015,,,FN,FN,1219163,FN,
93,Provence-Alpes-Côte-d'Azur,DAVID,Geoffrey,13/12/2015,,,FN,FN,1474176,FN,
93,Provence-Alpes-Côte-d'Azur,DE BEAUREGARD,Philippe,30/6/2017,,,FN,FN,1475626,FN,
93,Provence-Alpes-Côte-d'Azur,DE LA TOCNAYE,Thibaut,13/12/2015,,,FN,FN,33418,FN,
93,Provence-Alpes-Côte-d'Azur,DIMITROFF-MEKAROV,Agapia,13/12/2015,,,FN,FN,1509962,FN,
93,Provence-Alpes-Côte-d'Azur,DOUZON,Jeannine,13/12/2015,Autre membre commission permanente,18/12/2015,FN,non-inscrit,1509935,Les Patriotes,http://abonnes.lemonde.fr/politique/article/2017/12/20/en-region-paca-le-front-national-redoute-la-dissidence_5232303_823448.html
93,Provence-Alpes-Côte-d'Azur,DUDIEUZERE,Cédric,13/12/2015,,,FN,FN,1499547,FN,
93,Provence-Alpes-Côte-d'Azur,FIOL,Muriel,13/12/2015,Autre membre commission permanente,18/12/2015,FN,FN,1509957,FN,
93,Provence-Alpes-Côte-d'Azur,FOUQUART,Emmanuel,13/12/2015,,,FN,FN,1235361,FN,
93,Provence-Alpes-Côte-d'Azur,GERIN,Gérald,13/12/2015,,,FN,FN,1181115,FN,
93,Provence-Alpes-Côte-d'Azur,GONZALEZ,José,13/12/2015,,,FN,FN,1234553,FN,
93,Provence-Alpes-Côte-d'Azur,GRECH,Sophie,13/12/2015,,,FN,FN,1499580,FN,
93,Provence-Alpes-Côte-d'Azur,GUILBAUX,Rina,13/12/2015,,,FN,non-inscrit,1509948,aucun,
93,Provence-Alpes-Côte-d'Azur,HABERMACHER,Claude,1/1/2016,,,FN,FN,1510104,FN,
93,Provence-Alpes-Côte-d'Azur,JABOULET,Claude,13/12/2015,,,FN,non-inscrit,888086,aucun,
93,Provence-Alpes-Côte-d'Azur,KESSLER,Anne,13/12/2015,Autre membre commission permanente,18/12/2015,FN,non-inscrit,1509938,aucun,https://twitter.com/_A_Kessler/status/959690496212955136
93,Provence-Alpes-Côte-d'Azur,LANCINE,Brigitte,13/12/2015,,,FN,FN,1473961,FN,
93,Provence-Alpes-Côte-d'Azur,LANSADE,Marc Etienne,13/12/2015,Autre membre commission permanente,29/5/2017,FN,non-inscrit,1509959,aucun,https://www.marianne.net/politique/marc-etienne-lansade-un-depart-du-fn-tres-interesse
93,Provence-Alpes-Côte-d'Azur,LAUPIES,Valérie,13/12/2015,Autre membre commission permanente,18/12/2015,FN,FN,1181120,FN,
93,Provence-Alpes-Côte-d'Azur,LECOINNET,Jean-Philippe,13/12/2015,,,FN,FN,1509960,FN,
93,Provence-Alpes-Côte-d'Azur,LEGUEM,Laurence,13/12/2015,,,FN,FN,1235832,FN,
93,Provence-Alpes-Côte-d'Azur,LOEUILLET,Benoit,13/12/2015,,,FN,non-inscrit,1509940,aucun,https://france3-regions.francetvinfo.fr/provence-alpes-cote-d-azur/alpes-maritimes/nice/patron-du-fn-nice-benoit-loeuillet-suspendu-propos-negationnistes-1214751.html
93,Provence-Alpes-Côte-d'Azur,LOTTIAUX,Philippe,13/12/2015,Autre membre commission permanente,18/12/2015,FN,FN,1475387,FN,
93,Provence-Alpes-Côte-d'Azur,LUC,Jean-François,13/12/2015,,,FN,FN,1509951,FN,
93,Provence-Alpes-Côte-d'Azur,MEUNIER,Christine,13/12/2015,,,FN,FN,1473963,FN,
93,Provence-Alpes-Côte-d'Azur,MOUSSET,Jean-Alexandre,13/12/2015,,,FN,FN,1234922,FN,
93,Provence-Alpes-Côte-d'Azur,NAVARRANNE,Amaury,13/12/2015,Autre membre commission permanente,18/12/2015,FN,FN,1475071,FN,
93,Provence-Alpes-Côte-d'Azur,PAVARD,Nathalie,13/12/2015,,,FN,FN,1218307,FN,
93,Provence-Alpes-Côte-d'Azur,PHILIPPE,Elisabeth,13/12/2015,,,FN,non-inscrit,1181129,aucun,http://abonnes.lemonde.fr/politique/article/2017/12/20/en-region-paca-le-front-national-redoute-la-dissidence_5232303_823448.html
93,Provence-Alpes-Côte-d'Azur,RIGAULT,Anne-Sophie,13/12/2015,Autre membre commission permanente,18/12/2015,FN,FN,1475390,FN,
93,Provence-Alpes-Côte-d'Azur,TIVOLI,Lionel,13/12/2015,,,FN,FN,1217558,FN,
93,Provence-Alpes-Côte-d'Azur,TROIN,Audrey,13/12/2015,,,FN,FN,1473664,FN,
93,Provence-Alpes-Côte-d'Azur,VARDON,Philippe,13/12/2015,Autre membre commission permanente,18/12/2015,FN,FN,1509943,FN,
93,Provence-Alpes-Côte-d'Azur,WAQUET,Jean-Yves,13/12/2015,,,FN,FN,1197177,FN,