code_circo,code_dpt,circo,departement,candidat,genre,site
62_1,62,1,Pas-de-Calais,Agnès CAUDRON,F,https://fnlegislatives.fr/candidats/agnes-caudron/
69_10,69,10,Rhône,Agnès MARION,F,https://fnlegislatives.fr/candidats/agnes-marion/
56_4,56,4,Morbihan,Agnès RICHARD,F,https://fnlegislatives.fr/candidats/agnes-richard/
75_12,75,12,Paris,Agnès VANDENBROUCK,F,https://fnlegislatives.fr/candidats/agnes-vandenbrouck/
38_10,38,10,Isère,Alain BREUIL,H,https://fnlegislatives.fr/candidats/alain-breuil/
68_4,68,4,Haut-Rhin,Alain FAVALETTO,H,https://fnlegislatives.fr/candidats/alain-favaletto/
86_4,86,4,Vienne,Alain Verdin,H,https://fnlegislatives.fr/candidats/alain-verdin/
62_2,62,2,Pas-de-Calais,Alban Heusèle,H,https://fnlegislatives.fr/candidats/alban-heusele/
93_8,93,8,Seine-Saint-Denis,Alexandra BOURGOIN,F,https://fnlegislatives.fr/candidats/alexandra-bourgoin/
94_11,94,11,Val-de-Marne,Alexandre GABORIT,H,https://fnlegislatives.fr/candidats/alexandre-gaborit/
83_3,83,3,Var,Aline RENCK-GUIGUE,F,https://fnlegislatives.fr/candidats/aline-renck-guigue/
08_3,8,3,Ardennes,Amandine Blomme,F,https://fnlegislatives.fr/candidats/amandine-blomme/
83_1,83,1,Var,Amaury Navarranne,H,https://fnlegislatives.fr/candidats/amaury-navarranne/
67_1,67,1,Bas-Rhin,Andréa DIDELOT,F,https://fnlegislatives.fr/candidats/andrea-didelot-2/
67_1,67,1,Bas-Rhin,Andréa DIDELOT,F,https://fnlegislatives.fr/candidats/andrea-didelot/
63_1,63,1,Puy-de-Dôme,Anne BISCOS,F,https://fnlegislatives.fr/candidats/anne-biscos/
06_8,6,8,Alpes-Maritimes,Anne KESSLER,F,https://fnlegislatives.fr/candidats/anne-kessler/
01_2,1,2,Ain,Anne Michaud,F,https://fnlegislatives.fr/candidats/anne-michaud/
74_5,74,5,Haute-Savoie,Anne-Françoise Abadie Parisi,F,https://fnlegislatives.fr/candidats/anne-francoise-abadie-parisi/
92_10,92,10,Hauts-de-Seine,Anne-Laure MALEYRE,F,https://fnlegislatives.fr/candidats/anne-laure-maleyre/
63_3,63,3,Puy-de-Dôme,Anne-Marie CARTA,F,https://fnlegislatives.fr/candidats/anne-marie-carta/
22_5,22,5,Côtes-d'Armor,Annick Lebiez,F,https://fnlegislatives.fr/candidats/annick-lebiez/
75_8,75,8,Paris,Annie VIGUIER,F,https://fnlegislatives.fr/candidats/annie-viguier/
71_2,71,2,Saône-et-Loire,Antoine Chudzik,H,https://fnlegislatives.fr/candidats/antoine-chudzik/
62_5,62,5,Pas-de-Calais,Antoine GOLLIOT,H,https://fnlegislatives.fr/candidats/antoine-golliot/
69_11,69,11,Rhône,Antoine MELLIES,H,https://fnlegislatives.fr/candidats/antoine-mellies/
75_14,75,14,Paris,Armelle GOASGUEN,F,https://fnlegislatives.fr/candidats/armelle-goasguen/
86_1,86,1,Vienne,Arnaud Fage,H,https://fnlegislatives.fr/candidats/arnaud-fage/
59_8,59,8,Nord,Astrid Leplat,F,https://fnlegislatives.fr/candidats/astrid-leplat/
91_7,91,7,Essonne,Audrey GUIBERT,F,https://fnlegislatives.fr/candidats/audrey-guibert/
77_8,77,8,Seine-et-Marne,Aurélie COURNET,F,https://fnlegislatives.fr/candidats/aurelie-cournet/
16_3,16,3,Charente,Aurelie De Azevedo,F,https://fnlegislatives.fr/candidats/aurelie-de-azevedo/
92_2,92,2,Hauts-de-Seine,Aurélie LE GOURLAY,F,https://fnlegislatives.fr/candidats/aurelie-le-gourlay/
75_3,75,3,Paris,Aurélien Legrand,H,https://fnlegislatives.fr/candidats/aurelien-legrand/
49_7,49,7,Maine-et-Loire,Aurore LAHONDÈS,F,https://fnlegislatives.fr/candidats/aurore-lahondes/
77_3,77,3,Seine-et-Marne,Aymeric Durox,H,https://fnlegislatives.fr/candidats/aymeric-durox/
49_4,49,4,Maine-et-Loire,Aymeric MERLAUD,H,https://fnlegislatives.fr/candidats/aymeric-merlaud/
51_3,51,3,Marne,Baptiste PHILIPPO,H,https://fnlegislatives.fr/candidats/baptiste-philippo/
54_1,54,1,Meurthe-et-Moselle,Barbara HOFFMANN,F,https://fnlegislatives.fr/candidats/barbara-hoffmann/
77_6,77,6,Seine-et-Marne,Béatrice ROULLAUD,F,https://fnlegislatives.fr/candidats/beatrice-roullaud/
76_5,76,5,Seine-Maritime,Bénédicte LE MOËL,F,https://fnlegislatives.fr/candidats/benedicte-le-moel/
91_8,91,8,Essonne,Benjamin BOUCHER,H,https://fnlegislatives.fr/candidats/benjamin-boucher/
49_6,49,6,Maine-et-Loire,Bernadette de LA BOURDONNAYE,F,https://fnlegislatives.fr/candidats/bernadette-de-la-bourdonnaye/
26_1,26,1,Drôme,Bernard SIRONNEAU,H,https://fnlegislatives.fr/candidats/bernard-sironneau/
56_1,56,1,Morbihan,Bertrand IRAGNE,H,https://fnlegislatives.fr/candidats/bertrand-iragne/
54_5,54,5,Meurthe-et-Moselle,Billy WINKENS,H,https://fnlegislatives.fr/candidats/billy-winkens/
01_4,1,4,Ain,Blanche Chaussat,F,https://fnlegislatives.fr/candidats/blanche-chaussat/
44_6,44,6,Loire-Atlantique,Brigitte NEDELEC,F,https://fnlegislatives.fr/candidats/brigitte-nedelec/
30_4,30,4,Gard,Brigitte ROULLAUD,F,https://fnlegislatives.fr/candidats/brigitte-roullaud/
74_1,74,1,Haute-Savoie,Brigitte THIERY-AUDUBERT,F,https://fnlegislatives.fr/candidats/brigitte-thiery-audubert/
53_1,53,1,Mayenne,Bruno de LA MORINIÈRE,H,https://fnlegislatives.fr/candidats/bruno-de-la-moriniere/
95_7,95,7,Val-d'Oise,Bruno MARCEL,H,https://fnlegislatives.fr/candidats/bruno-marcel/
33_3,33,3,Gironde,Bruno PALUTEAU,H,https://fnlegislatives.fr/candidats/bruneau-paluteau/
50_3,50,3,Manche,Carmen MASSON,F,https://fnlegislatives.fr/candidats/carmen-masson/
13_2,13,2,Bouches-du-Rhône,Caroline SICARD,F,https://fnlegislatives.fr/candidats/caroline-sicard/
22_4,22,4,Côtes-d'Armor,Catherine BLEIN,F,https://fnlegislatives.fr/candidats/catherine-blein/
84_4,84,4,Vaucluse,Catherine CANDELA,F,https://fnlegislatives.fr/candidats/catherine-candela/
47_1,47,1,Lot-et-Garonne,Catherine LESNE,F,https://fnlegislatives.fr/candidats/catherine-lesne/
85_1,85,1,Vendée,Catherine ROY,F,https://fnlegislatives.fr/candidats/catherine-roy/
69_5,69,5,Rhône,Cécile BÈNE,F,https://fnlegislatives.fr/candidats/cecile-bene/
54_6,54,6,Meurthe-et-Moselle,Cédric Marsolle,H,https://fnlegislatives.fr/candidats/cedric-marsolle/
54_3,54,3,Meurthe-et-Moselle,Céline DOLCEMASCOLO,F,https://fnlegislatives.fr/candidats/celine-dolcemascolo/
07_1,7,1,Ardèche,Céline Porquet,F,https://fnlegislatives.fr/candidats/celine-porquet/
45_3,45,3,Loiret,Charles de Gevigney,H,https://fnlegislatives.fr/candidats/charles-de-gevigney/
68_5,68,5,Haut-Rhin,Christelle RITZ,F,https://fnlegislatives.fr/candidats/christelle-ritz/
35_4,35,4,lle-et-Vilaine,Christian LECHEVALIER,H,https://fnlegislatives.fr/candidats/christian-lechevalier/
56_5,56,5,Morbihan,Christian MOUTON,H,https://fnlegislatives.fr/candidats/christian-mouton/
59_15,59,15,Nord,Christine ENGRAND,H,https://fnlegislatives.fr/candidats/christine-engrand/
40_1,40,1,Landes,Christophe Bardin,H,https://fnlegislatives.fr/candidats/christophe-bardin/
11_1,11,1,Aude,Christophe Barthès,H,https://fnlegislatives.fr/candidats/christophe-barthes/
69_9,69,9,Rhône,Christophe Boudot,H,https://fnlegislatives.fr/candidats/christophe-boudot/
75_15,75,15,Paris,Christophe VERSINI,H,https://fnlegislatives.fr/candidats/christophe-versini/
51_2,51,2,Marne,Cindy Demange,F,https://fnlegislatives.fr/candidats/cindy-demange/
60_1,60,1,Oise,Claire MARAIS-BEUIL,F,https://fnlegislatives.fr/candidats/claire-marais-beuil/
64_1,64,1,Pyrénées-Atlantiques,Claudie Cheyroux,F,https://fnlegislatives.fr/candidats/claudie-cheyroux/
66_1,66,1,Pyrénées-Orientales,Claudine FUENTES,F,https://fnlegislatives.fr/candidats/claudine-fuentes/
45_1,45,1,Loiret,Colette Poltaratsky,F,https://fnlegislatives.fr/candidats/colette-poltaratsky/
75_9,75,9,Paris,Corinne BERTHAUD,F,https://fnlegislatives.fr/candidats/corinne-berthaud/
85_3,85,3,Vendée,Corinne Fillet,F,https://fnlegislatives.fr/candidats/corinne-fillet/
55_1,55,1,Meuse,Corinne KAUFMANN,F,https://fnlegislatives.fr/candidats/corinne-kaufmann/
974_7,974,7,La Réunion,Corinne SUZANNE,F,https://fnlegislatives.fr/candidats/corinne-suzanne/
76_8,76,8,Seine-Maritime,Damien Lenoir,H,https://fnlegislatives.fr/candidats/damien-lenoir/
69_14,69,14,Rhône,Damien MONCHAU,H,https://fnlegislatives.fr/candidats/damien-monchau/
92_12,92,12,Hauts-de-Seine,Damien YVENAT,H,https://fnlegislatives.fr/candidats/damien-yvenat/
37_5,37,5,Indre-et-Loire,Daniel Fraczak,H,https://fnlegislatives.fr/candidats/daniel-fraczak/
91_1,91,1,Essonne,Danielle OGER,F,https://fnlegislatives.fr/candidats/danielle-oger/
44_5,44,5,Loire-Atlantique,David BOISDRON,H,https://fnlegislatives.fr/candidats/david-boisdron/
69_2,69,2,Rhône,David TABELION,H,https://fnlegislatives.fr/candidats/david-tabelion/
86_3,86,3,Vienne,Delphine Jumeau,F,https://fnlegislatives.fr/candidats/delphine-jumeau/
999_1,999,1,Français établis hors de France,Denis FRANCESKIN,H,https://fnlegislatives.fr/candidats/denis-franceskin/
95_1,95,1,Val-d'Oise,Denise CORNET,F,https://fnlegislatives.fr/candidats/denise-cornet/
78_6,78,6,Yvelines,Didier ROUXEL,H,https://fnlegislatives.fr/candidats/didier-rouxel/
54_4,54,4,Meurthe-et-Moselle,Dominique BILDE,F,https://fnlegislatives.fr/candidats/dominique-bilde/
94_3,94,3,Val-de-Marne,Dominique BOURSE-PROVENCE,H,https://fnlegislatives.fr/candidats/dominique-bourse-provence/
81_2,81,2,Tarn,Doriane ALBARAO,F,https://fnlegislatives.fr/candidats/doriane-albarao/
44_7,44,7,Loire-Atlantique,Doris NOËL,F,https://fnlegislatives.fr/candidats/doris-noel/
69_4,69,4,Rhône,Edith GODECKE,F,https://fnlegislatives.fr/candidats/edith-godecke/
89_2,89,2,Yonne,Edwige JACQUET,F,https://fnlegislatives.fr/candidats/edwige-jacquet/
67_5,67,5,Bas-Rhin,Eliane KLEIN,F,https://fnlegislatives.fr/candidats/eliane-klein/
75_11,75,11,Paris,Elisabeth BASTON,F,https://fnlegislatives.fr/candidats/elisabeth-baston/
03_2,3,2,Allier,Elisabeth CAMUS,F,https://fnlegislatives.fr/candidats/elisabeth-camus/
974_6,974,6,La Réunion,Élodie MARTIN CHARRON,F,https://fnlegislatives.fr/candidats/elodie-martin-charron/
31_9,31,9,Haute-Garonne,Éloïse Teriitaumihau,F,https://fnlegislatives.fr/candidats/eloise-teriitaumihau/
46_1,46,1,Lot,Emmanuel CRENNE,H,https://fnlegislatives.fr/candidats/emmanuel-crenne/
48_1,48,1,Lozère,Emmanuel GERSTNER,H,https://fnlegislatives.fr/candidats/emmanuel-gerstner/
78_9,78,9,Yvelines,Emmanuel NORBERT-COUADE,H,https://fnlegislatives.fr/candidats/emmanuel-norbert-couade/
92_6,92,6,Hauts-de-Seine,Emmanuelle CUIGNET,F,https://fnlegislatives.fr/candidats/emmanuelle-cuignet/
59_6,59,6,Nord,Eric CATTELIN,H,https://fnlegislatives.fr/candidats/eric-cattelin/
72_5,72,5,Sarthe,Eric de VILMAREST,H,https://fnlegislatives.fr/candidats/eric-de-vilmarest/
59_1,59,1,Nord,Eric DILLIES,H,https://fnlegislatives.fr/candidats/eric-dillies/
56_2,56,2,Morbihan,Eric FORDOS,H,https://fnlegislatives.fr/candidats/eric-fordos/
987_1,987,1,Polynésie Française,Eric MINARDI,H,https://fnlegislatives.fr/candidats/eric-minardi/
80_4,80,4,Somme,Eric RICHERMOZ,H,https://fnlegislatives.fr/candidats/eric-richermoz/
55_2,55,2,Meuse,Eric VILAIN,H,https://fnlegislatives.fr/candidats/eric-vilain/
93_2,93,2,Seine-Saint-Denis,Estelle ARNAL,F,https://fnlegislatives.fr/candidats/estelle-arnal/
47_3,47,3,Lot-et-Garonne,Etienne BOUSQUET-CASSAGNE,H,https://fnlegislatives.fr/candidats/etienne-bousquet-cassagne/
75_4,75,4,Paris,Eve FROGER,F,https://fnlegislatives.fr/candidats/eve-froger/
52_1,52,1,Haute-Marne,Fabienne Cudel,F,https://fnlegislatives.fr/candidats/fabienne-cudel/
95_3,95,3,Val-d'Oise,Fabienne DAUMAS,F,https://fnlegislatives.fr/candidats/fabienne-daumas/
57_6,57,6,Moselle,Florian PHILIPPOT,H,https://fnlegislatives.fr/candidats/florian-philippot/
92_3,92,3,Hauts-de-Seine,Floriane DENIAU,F,https://fnlegislatives.fr/candidats/floriane-deniau/
61_2,61,2,Orne,Francine LAVANRY,F,https://fnlegislatives.fr/candidats/francine-lavanry/
2A_1,2A,1,Corse-du-Sud,Francis Nadizi,H,https://fnlegislatives.fr/candidats/francis-nadizi/
91_4,91,4,Essonne,Franck BEELDENS-DA SILVA,H,https://fnlegislatives.fr/candidats/franck-beeldens-da-silva/
80_1,80,1,Somme,Franck de LAPERSONNE,H,https://fnlegislatives.fr/candidats/franck-de-lapersonne/
50_1,50,1,Manche,Franck SIMON,H,https://fnlegislatives.fr/candidats/franck-simon/
60_5,60,5,Oise,François GACHIGNARD,H,https://fnlegislatives.fr/candidats/francois-gachignard/
91_3,91,3,Essonne,François Helie,H,https://fnlegislatives.fr/candidats/francois-helie/
91_3,91,3,Essonne,François HÉLIE,H,https://fnlegislatives.fr/candidats/francois-helie-2/
78_10,78,10,Yvelines,François LE HOT,H,https://fnlegislatives.fr/candidats/francois-le-hot/
94_9,94,9,Val-de-Marne,François PARADOL,H,https://fnlegislatives.fr/candidats/francois-paradol/
78_8,78,8,Yvelines,François SIMEONI,H,https://fnlegislatives.fr/candidats/francois-simeoni/
59_7,59,7,Nord,Françoise COOLZAET,H,https://fnlegislatives.fr/candidats/francoise-coolzaet/
76_6,76,6,Seine-Maritime,Françoise DUCHAUSSOY,F,https://fnlegislatives.fr/candidats/francoise-duchaussoy/
57_3,57,3,Moselle,Françoise GROLET,F,https://fnlegislatives.fr/candidats/francoise-grolet/
83_7,83,7,Var,Frédéric Boccaletti,H,https://fnlegislatives.fr/candidats/frederic-boccaletti/
81_1,81,1,Tarn,Frédéric Cabrolier,H,https://fnlegislatives.fr/candidats/frederic-cabrolier/
52_2,52,2,Haute-Marne,Frédéric FABRE,H,https://fnlegislatives.fr/candidats/frederic-fabre/
77_7,77,7,Seine-et-Marne,Frédérique TROUSSARD,H,https://fnlegislatives.fr/candidats/frederique-troussard/
85_2,85,2,Vendée,Gabriel de Chabot,H,https://fnlegislatives.fr/candidats/gabriel-de-chabot/
60_2,60,2,Oise,Gaëtan DUSSAUSAYE,H,https://fnlegislatives.fr/candidats/gaetan-dussausaye/
94_2,94,2,Val-de-Marne,Gaétan Marzo,H,https://fnlegislatives.fr/candidats/gaetan-marzo/
01_3,1,3,Ain,Gaëtan Noblet,H,https://fnlegislatives.fr/candidats/gaetan-noblet/
44_8,44,8,Loire-Atlantique,Gauthier Bouchet,H,https://fnlegislatives.fr/candidats/gauthier-bouchet/
65_1,65,1,Hautes-Pyrénées,Geneviève COMONT,F,https://fnlegislatives.fr/candidats/genevieve-comont/
76_9,76,9,Seine-Maritime,Geneviève SALVISBERG,F,https://fnlegislatives.fr/candidats/genevieve-salvisberg/
16_1,16,1,Charente,Geoffray Gourré,H,https://fnlegislatives.fr/candidats/geoffray-gourre/
92_5,92,5,Hauts-de-Seine,Geoffroy RONDEPIERRE,H,https://fnlegislatives.fr/candidats/geoffroy-rondepierre/
85_5,85,5,Vendée,Gérald OBERWEIS,H,https://fnlegislatives.fr/candidats/gerald-oberweis/
67_8,67,8,Bas-Rhin,Gérard JANUS,H,https://fnlegislatives.fr/candidats/gerard-janus/
59_12,59,12,Nord,Gérard PHILIPPE,H,https://fnlegislatives.fr/candidats/gerard-philippe/
93_4,93,4,Seine-Saint-Denis,Gilles CLAVEL,H,https://fnlegislatives.fr/candidats/gilles-clavel/
64_4,64,4,Pyrénées-Atlantiques,Gilles HUSTAIX,H,https://fnlegislatives.fr/candidats/gilles-hustaix/
76_2,76,2,Seine-Maritime,Gilles PATITUCCI,H,https://fnlegislatives.fr/candidats/gilles-patitucci/
94_6,94,6,Val-de-Marne,Gorete DE FREITAS,F,https://fnlegislatives.fr/candidats/gorete-de-freitas/
54_2,54,2,Meurthe-et-Moselle,Grégoire EURY,H,https://fnlegislatives.fr/candidats/gregoire-eury/
68_2,68,2,Haut-Rhin,Grégory STICH,H,https://fnlegislatives.fr/candidats/gregory-stich/
76_3,76,3,Seine-Maritime,Guillaume PENNELLE,H,https://fnlegislatives.fr/candidats/guillaume-pennelle/
75_6,75,6,Paris,Guy DEBALLE,H,https://fnlegislatives.fr/candidats/guy-deballe/
58_2,58,2,Nièvre,Harold BLANOT,H,https://fnlegislatives.fr/candidats/harold-blanot/
47_2,47,2,Lot-et-Garonne,Hélène PAIN,F,https://fnlegislatives.fr/candidats/helene-pain/
84_5,84,5,Vaucluse,Hervé de LÉPINAU,H,https://fnlegislatives.fr/candidats/herve-de-lepinau/
57_8,57,8,Moselle,Hervé HOFF,H,https://fnlegislatives.fr/candidats/herve-hoff/
67_6,67,6,Bas-Rhin,Hombeline DU PARC,F,https://fnlegislatives.fr/candidats/hombeline-du-parc/
59_16,59,16,Nord,Hortense de MÉREUIL,F,https://fnlegislatives.fr/candidats/hortense-de-mereuil/
93_9,93,9,Seine-Saint-Denis,Huguette FATNA,F,https://fnlegislatives.fr/candidats/huguette-fatna/
75_7,75,7,Paris,Isabelle COCHARD,F,https://fnlegislatives.fr/candidats/isabelle-cochard/
73_4,73,4,Savoie,Isabelle FÉTU,F,https://fnlegislatives.fr/candidats/isabelle-fetu/
88_2,88,2,Vosges,Isabelle GÉRARD,F,https://fnlegislatives.fr/candidats/isabelle-gerard/
94_5,94,5,Val-de-Marne,Isabelle HUGUENIN-RICHARD,F,https://fnlegislatives.fr/candidats/isabelle-huguenin-richard/
17_4,17,4,Charente-Maritime,Isabelle TEXIER,F,https://fnlegislatives.fr/candidats/isabelle-texier/
62_9,62,9,Pas-de-Calais,Jacques DELAIRE,H,https://fnlegislatives.fr/candidats/jacques-delaire/
02_4,2,4,Aisne,Jean MESSIHA,H,https://fnlegislatives.fr/candidats/jean-messiha/
10_2,10,2,Aube,Jean-Christophe LEFÈVRE,H,https://fnlegislatives.fr/candidats/jean-christophe-lefevre/
999_6,999,6,Français établis hors de France,Jean-Claude Marchand,H,https://fnlegislatives.fr/candidats/jean-claude-marchand/
11_2,11,2,Aude,Jean-François Daraud,H,https://fnlegislatives.fr/candidats/jean-francois-daraud/
13_5,13,5,Bouches-du-Rhône,Jean-François LUC,H,https://fnlegislatives.fr/candidats/jean-francois-luc/
93_5,93,5,Seine-Saint-Denis,Jean-François PERIER,H,https://fnlegislatives.fr/candidats/jean-francois-perier/
974_3,974,3,La Réunion,Jean-Hugues LEBIAN,H,https://fnlegislatives.fr/candidats/jean-hugues-lebian/
50_4,50,4,Manche,Jean-Jacques NOËL,H,https://fnlegislatives.fr/candidats/jean-jacques-noel/
13_12,13,12,Bouches-du-Rhône,Jean-Lin Lacapelle,H,https://fnlegislatives.fr/candidats/jean-lin-lacapelle/
78_12,78,12,Yvelines,Jean-Luc GALLAIS,H,https://fnlegislatives.fr/candidats/jean-luc-gallais/
44_9,44,9,Loire-Atlantique,Jean-Luc JAVEL,H,https://fnlegislatives.fr/candidats/jean-luc-javel/
999_2,999,2,Français établis hors de France,Jean-Marc Millet,H,https://fnlegislatives.fr/candidats/jean-marc-millet/
73_2,73,2,Savoie,Jean-Marie GARCIN,H,https://fnlegislatives.fr/candidats/jean-marie-garcin/
77_11,77,11,Seine-et-Marne,Jean-Marie LAUNAY,H,https://fnlegislatives.fr/candidats/jean-marie-launay/
69_7,69,7,Rhône,Jean-Marie NICOLAS,H,https://fnlegislatives.fr/candidats/jean-marie-nicolas/
95_6,95,6,Val-d'Oise,Jean-Michel DUBOIS,H,https://fnlegislatives.fr/candidats/jean-michel-dubois/
64_5,64,5,Pyrénées-Atlantiques,Jean-Michel Iratchet,H,https://fnlegislatives.fr/candidats/jean-michel-iratchet/
39_1,39,1,Jura,Jean-Paul ECARD,H,https://fnlegislatives.fr/candidats/jean-paul-ecard/
59_14,59,14,Nord,Jean-Paul Tisserand,H,https://fnlegislatives.fr/candidats/jean-paul-tisserand/
974_1,974,1,La Réunion,Jean-Pierre Céleste,H,https://fnlegislatives.fr/candidats/jean-pierre-celeste/
73_1,73,1,Savoie,Jean-Pierre CHAUVEAU,H,https://fnlegislatives.fr/candidats/jean-pierre-chauveau/
999_7,999,7,Français établis hors de France,Jean-Pierre Hottinger,H,https://fnlegislatives.fr/candidats/jean-pierre-hottinger/
971_3,971,3,Guadeloupe,Jean-Pierre MERCADAL,H,https://fnlegislatives.fr/candidats/jean-pierre-mercadal/
90_2,90,2,Territoire de Belfort,Jean-Raphaël SANDRI,H,https://fnlegislatives.fr/candidats/jean-raphael-sandri/
79_2,79,2,Deux-Sèvres,Jean-Romée CHARBONNEAU,H,https://fnlegislatives.fr/candidats/jean-romee-charbonneau/
45_5,45,5,Loiret,Jeanne BEAULIER,H,https://fnlegislatives.fr/candidats/jeanne-beaulier/
94_4,94,4,Val-de-Marne,Jérôme AUVRAY,H,https://fnlegislatives.fr/candidats/jerome-auvray/
01_1,1,1,Ain,Jérôme Buisson,H,https://fnlegislatives.fr/candidats/jerome-buisson/
06_2,6,2,Alpes-Maritimes,Jérôme Cochet,H,https://fnlegislatives.fr/candidats/jerome-cochet/
63_5,63,5,Puy-de-Dôme,Jérôme Jayet,H,https://fnlegislatives.fr/candidats/jerome-jayet/
83_6,83,6,Var,Jérôme RIVIÈRE,H,https://fnlegislatives.fr/candidats/jerome-riviere/
87_2,87,2,Haute-Vienne,Joëlle Crepet,F,https://fnlegislatives.fr/candidats/joelle-crepet/
77_5,77,5,Seine-et-Marne,Joffrey BOLLÉE,H,https://fnlegislatives.fr/candidats/joffrey-bollee/
974_4,974,4,La Réunion,Johan DELPLANQUE,H,https://fnlegislatives.fr/candidats/johan-delplanque/
93_12,93,12,Seine-Saint-Denis,Jordan BARDELLA,H,https://fnlegislatives.fr/candidats/jordan-bardella/
88_4,88,4,Vosges,Jordan Grosse-Cruciani,H,https://fnlegislatives.fr/candidats/jordan-grosse-cruciani/
18_3,18,3,Cher,Jordan LE GOÏC,H,https://fnlegislatives.fr/candidats/jordan-le-goic/
62_3,62,3,Pas-de-Calais,José EVRARD,H,https://fnlegislatives.fr/candidats/jose-evrard/
64_2,64,2,Pyrénées-Atlantiques,Joseph DAMOUR,H,https://fnlegislatives.fr/candidats/joseph-damour/
67_2,67,2,Bas-Rhin,Julia Abraham,F,https://fnlegislatives.fr/candidats/julia-abraham/
92_11,92,11,Hauts-de-Seine,Julia CARRASCO,F,https://fnlegislatives.fr/candidats/julia-carrasco/
59_4,59,4,Nord,Julien FRANQUET,F,https://fnlegislatives.fr/candidats/julien-franquet/
31_5,31,5,Haute-Garonne,Julien Leonardelli,F,https://fnlegislatives.fr/candidats/julien-leonardelli/
89_3,89,3,Yonne,Julien ODOUL,F,https://fnlegislatives.fr/candidats/julien-odoul/
74_6,74,6,Haute-Savoie,Karam Aoun,H,https://fnlegislatives.fr/candidats/karam-aoun/
94_7,94,7,Val-de-Marne,Karine HACCART,F,https://fnlegislatives.fr/candidats/karine-haccart/
62_8,62,8,Pas-de-Calais,Karine Haverlant,F,https://fnlegislatives.fr/candidats/karine-haverlant/
68_3,68,3,Haut-Rhin,Katia Di Leonardo,F,https://fnlegislatives.fr/candidats/katia-di-leonardo/
61_3,61,3,Orne,Katia FRÉMONT,F,https://fnlegislatives.fr/candidats/katia-fremont/
57_7,57,7,Moselle,Kevin PFEFFER,H,https://fnlegislatives.fr/candidats/kevin-pfeffer/
78_5,78,5,Yvelines,Laurence BAUDRILLARD,F,https://fnlegislatives.fr/candidats/laurence-baudrillard/
57_1,57,1,Moselle,Laurence BURG,F,https://fnlegislatives.fr/candidats/laurence-burg/
09_1,9,1,Ariège,Laurence LEFORT,F,https://fnlegislatives.fr/candidats/laurence-lefort/
67_9,67,9,Bas-Rhin,Laurent Gnaedig,H,https://fnlegislatives.fr/candidats/laurent-gnaedig/
33_8,33,8,Gironde,Laurent Lamara,H,https://fnlegislatives.fr/candidats/laurent-lamara/
92_4,92,4,Hauts-de-Seine,Laurent Salles,H,https://fnlegislatives.fr/candidats/laurent-salles/
70_1,70,1,Haute-Saône,Léonie CUGNOT,F,https://fnlegislatives.fr/candidats/leonie-cugnot/
71_5,71,5,Saône-et-Loire,Lilian Noirot,H,https://fnlegislatives.fr/candidats/lilian-noirot/
93_6,93,6,Seine-Saint-Denis,Line VALLÈS,F,https://fnlegislatives.fr/candidats/line-valles/
57_9,57,9,Moselle,Lionel BIEDER,H,https://fnlegislatives.fr/candidats/lionel-bieder/
80_5,80,5,Somme,Loïc GRIMAUX,H,https://fnlegislatives.fr/candidats/loic-grimaux/
66_2,66,2,Pyrénées-Orientales,Louis ALIOT,H,https://fnlegislatives.fr/candidats/louis-aliot/
25_3,25,3,Doubs,Loup VIALLET,H,https://fnlegislatives.fr/candidats/loup-viallet/
92_7,92,7,Hauts-de-Seine,Lucia LAPORTE,F,https://fnlegislatives.fr/candidats/lucia-laporte/
79_3,79,3,Deux-Sèvres,Lucie CHAUMERON,F,https://fnlegislatives.fr/candidats/lucie-chaumeron/
91_10,91,10,Essonne,Lucie DEDI,F,https://fnlegislatives.fr/candidats/lucie-dedi/
49_5,49,5,Maine-et-Loire,Lucie PINEAU,F,https://fnlegislatives.fr/candidats/lucie-pineau/
64_3,64,3,Pyrénées-Atlantiques,Lucinda CARVALHO,F,https://fnlegislatives.fr/candidats/lucinda-carvalho/
59_20,59,20,Nord,Ludovic de DANNE,H,https://fnlegislatives.fr/candidats/ludovic-de-danne/
45_4,45,4,Loiret,Ludovic Marchetti,H,https://fnlegislatives.fr/candidats/ludovic-marchetti/
62_10,62,10,Pas-de-Calais,Ludovic PAJOT,H,https://fnlegislatives.fr/candidats/ludovic-pajot/
89_1,89,1,Yonne,Ludovic VIGREUX,H,https://fnlegislatives.fr/candidats/ludovic-vigreux/
976_2,976,2,Mayotte,Madi BOINALI ANLI,F,https://fnlegislatives.fr/candidats/madi-boinali-anli/
31_4,31,4,Haute-Garonne,Maïthé CARSALADE,F,https://fnlegislatives.fr/candidats/maithe-carsalade/
75_2,75,2,Paris,Manon BOUQUIN,F,https://fnlegislatives.fr/candidats/manon-bouquin/
92_8,92,8,Hauts-de-Seine,Marc THOMAS,H,https://fnlegislatives.fr/candidats/marc-thomas/
49_1,49,1,Maine-et-Loire,Marie BARON,F,https://fnlegislatives.fr/candidats/marie-baron/
73_3,73,3,Savoie,Marie DAUCHY,F,https://fnlegislatives.fr/candidats/marie-dauchy/
75_5,75,5,Paris,Marie FONTAINE,F,https://fnlegislatives.fr/candidats/marie-fontaine/
77_2,77,2,Seine-et-Marne,Marie Garcia,F,https://fnlegislatives.fr/candidats/marie-garcia/
72_1,72,1,Sarthe,Marie GENEVREY,F,https://fnlegislatives.fr/candidats/marie-genevrey/
57_4,57,4,Moselle,Marie-Amélie DUTHEIL DE LA ROCHÈRE,F,https://fnlegislatives.fr/candidats/marie-amelie-dutheil-de-la-rochere/
62_4,62,4,Pas-de-Calais,Marie-Annick DUPAS,F,https://fnlegislatives.fr/candidats/marie-annick-dupas/
62_6,62,6,Pas-de-Calais,Marie-Christine BOURGEOIS,F,https://fnlegislatives.fr/candidats/marie-christine-bourgeois/
57_2,57,2,Moselle,Marie-Claude VOINÇON,F,https://fnlegislatives.fr/candidats/marie-claude-voincon/
50_2,50,2,Manche,Marie-Françoise KURDZIEL,F,https://fnlegislatives.fr/candidats/marie-francoise-kurdziel/
68_1,68,1,Haut-Rhin,Marie-Hélène de LACOSTE-LAREYMONDIE,F,https://fnlegislatives.fr/candidats/marie-helene-de-lacoste-lareymondie/
78_4,78,4,Yvelines,Marie-Jo RENAUDIN,F,https://fnlegislatives.fr/candidats/marie-jo-renaudin/
974_2,974,2,La Réunion,Marie-Line HOARAU,F,https://fnlegislatives.fr/candidats/marie-line-hoarau/
974_5,974,5,La Réunion,Marie-Luce BRASIER-CLAIN,F,https://fnlegislatives.fr/candidats/marie-luce-brasier-clain-2/
94_8,94,8,Val-de-Marne,Marie-Odile ENON,F,https://fnlegislatives.fr/candidats/marie-odile-enon/
88_3,88,3,Vosges,Marina Do Santos,F,https://fnlegislatives.fr/candidats/marina-dos-santos/
23_1,23,1,Creuse,Martial MAUME,H,https://fnlegislatives.fr/candidats/martial-maume/
94_10,94,10,Val-de-Marne,Martine BLANLUETTE,F,https://fnlegislatives.fr/candidats/martine-blanluette-2/
94_10,94,10,Val-de-Marne,Martine BLANLUETTE,F,https://fnlegislatives.fr/candidats/martine-blanluette/
79_1,79,1,Deux-Sèvres,Martine GENDRY,F,https://fnlegislatives.fr/candidats/martine-gendry/
78_11,78,11,Yvelines,Mathilde ANDROUËT,F,https://fnlegislatives.fr/candidats/mathilde-androuet/
41_2,41,2,Loir-et-Cher,Mathilde Paris,F,https://fnlegislatives.fr/candidats/mathilde-paris/
70_2,70,2,Haute-Saône,Maurice MONNIER,H,https://fnlegislatives.fr/candidats/maurice-monnier/
93_10,93,10,Seine-Saint-Denis,Maurice Puisard,H,https://fnlegislatives.fr/candidats/maurice-puisard/
59_18,59,18,Nord,Mélanie DISDIER,F,https://fnlegislatives.fr/candidats/melanie-disdier/
75_16,75,16,Paris,Michel BULTÉ,H,https://fnlegislatives.fr/candidats/michel-bulte/
92_13,92,13,Hauts-de-Seine,Michel GEORGET,H,https://fnlegislatives.fr/candidats/michel-georget/
60_6,60,6,Oise,Michel GUINIOT,H,https://fnlegislatives.fr/candidats/michel-guiniot/
03_1,3,1,Allier,Michèle CIUCH,F,https://fnlegislatives.fr/candidats/michele-ciuch/
31_6,31,6,Haute-Garonne,Michèle PELLIZZON,F,https://fnlegislatives.fr/candidats/michele-pellizzon/
75_18,75,18,Paris,Michelle THIMOTTE,F,https://fnlegislatives.fr/candidats/michelle-thimotte/
29_8,29,8,Finistère,Mikaël Caréo,H,https://fnlegislatives.fr/candidats/mikael-careo/
95_9,95,9,Val-d'Oise,Mikael SALA,H,https://fnlegislatives.fr/candidats/mikael-sala/
91_5,91,5,Essonne,Milvia Mangano,F,https://fnlegislatives.fr/candidats/mangano-milvia/
53_3,53,3,Mayenne,Monique MORAND,F,https://fnlegislatives.fr/candidats/monique-morand/
38_5,38,5,Isère,Muriel BURGAZ,F,https://fnlegislatives.fr/candidats/muriel-burgaz/
69_12,69,12,Rhône,Muriel Coativy,F,https://fnlegislatives.fr/candidats/muriel-coativy/
60_4,60,4,Oise,Mylène TROSZCZYNSKI,F,https://fnlegislatives.fr/candidats/mylene-troszczynski/
45_6,45,6,Loiret,Myriam BACHIR,F,https://fnlegislatives.fr/candidats/myriam-bachir/
45_2,45,2,Loiret,Nadine BOISGERAULT,F,https://fnlegislatives.fr/candidats/nadine-boisgerault/
999_5,999,5,Français établis hors de France,Natacha BARRAL,F,https://fnlegislatives.fr/candidats/natacha-barral/
59_11,59,11,Nord,Nathalie ACS,F,https://fnlegislatives.fr/candidats/nathalie-acs/
13_14,13,14,Bouches-du-Rhône,Nathalie CHEVILLARD,F,https://fnlegislatives.fr/candidats/nathalie-chevillard/
74_3,74,3,Haute-Savoie,Nathalie GENAND,F,https://fnlegislatives.fr/candidats/nathalie-genand/
87_1,87,1,Haute-Vienne,Nathalie GÉRARD,F,https://fnlegislatives.fr/candidats/nathalie-gerard/
999_8,999,8,Français établis hors de France,Nathalie Jorge-Laick,F,https://fnlegislatives.fr/candidats/nathalie-jorge-laick/
91_6,91,6,Essonne,Nathalie PAULIN,F,https://fnlegislatives.fr/candidats/nathalie-paulin/
06_9,6,9,Alpes-Maritimes,Nathalie Pavard,F,https://fnlegislatives.fr/candidats/nathalie-pavard/
32_1,32,1,Gers,Nathalie PIERREISNARD,F,https://fnlegislatives.fr/candidats/nathalie-pierreisnard/
71_4,71,4,Saône-et-Loire,Nathalie Szych,F,https://fnlegislatives.fr/candidats/nathalie-szych/
80_2,80,2,Somme,Nicolas VERSAEN,H,https://fnlegislatives.fr/candidats/nicolas-versaen/
71_1,71,1,Saône-et-Loire,Nicole CABOCHE,F,https://fnlegislatives.fr/candidats/nicole-caboche/
92_9,92,9,Hauts-de-Seine,Nina SMARANDI,F,https://fnlegislatives.fr/candidats/nina-smarandi/
22_2,22,2,Côtes-d'Armor,Odile de MELLON,F,https://fnlegislatives.fr/candidats/odile-de-mellon/
07_2,7,2,Ardèche,Odile Lasfargues-Bouyon,F,https://fnlegislatives.fr/candidats/odile-lasfargues-bouyon/
95_4,95,4,Val-d'Oise,Olivia NALPAS,F,https://fnlegislatives.fr/candidats/olivia-nalpas/
65_2,65,2,Hautes-Pyrénées,Olivier Monteil,H,https://fnlegislatives.fr/candidats/olivier-monteil/
42_2,42,2,Loire,Pascal Arrighi,H,https://fnlegislatives.fr/candidats/pascal-arrighi/
77_9,77,9,Seine-et-Marne,Pascal Fiandrin,H,https://fnlegislatives.fr/candidats/pascal-fiandrin/
72_3,72,3,Sarthe,Pascal GANNAT,H,https://fnlegislatives.fr/candidats/pascal-gannat/
57_5,57,5,Moselle,Pascal Jenft,H,https://fnlegislatives.fr/candidats/pascal-jenft/
72_2,72,2,Sarthe,Pascal NICOT,H,https://fnlegislatives.fr/candidats/pascal-nicot/
86_2,86,2,Vienne,Pascale Bordin,H,https://fnlegislatives.fr/candidats/pascale-bordin/
49_3,49,3,Maine-et-Loire,Patrice LANCIEN,H,https://fnlegislatives.fr/candidats/patrice-lancien/
93_3,93,3,Seine-Saint-Denis,Patrice VELLA,H,https://fnlegislatives.fr/candidats/patrice-vella/
80_3,80,3,Somme,Patricia CHAGNON,F,https://fnlegislatives.fr/candidats/patricia-chagnon/
02_3,2,3,Aisne,Paul-Henry HANSEN-CATTA,H,https://fnlegislatives.fr/candidats/paul-henry-hansen-catta/
58_1,58,1,Nièvre,Pauline VIGNERON,F,https://fnlegislatives.fr/candidats/pauline-vigneron/
01_5,1,5,Ain,Pénélope CHALON,F,https://fnlegislatives.fr/candidats/penelope-chalon/
42_1,42,1,Loire,Philippe Clause,H,https://fnlegislatives.fr/candidats/philippe-clause/
59_13,59,13,Nord,Philippe EYMERY,H,https://fnlegislatives.fr/candidats/philippe-eymery/
14_4,14,4,Calvados,Philippe FOUCHE SAILLENFEST,H,https://fnlegislatives.fr/candidats/philippe-fouche-saillenfest/
60_7,60,7,Oise,Philippe LAMBILLIOTTE,H,https://fnlegislatives.fr/candidats/philippe-lambilliotte/
83_4,83,4,Var,Philippe Lottiaux,H,https://fnlegislatives.fr/candidats/philippe-lottiaux/
60_3,60,3,Oise,Philippe MURER,H,https://fnlegislatives.fr/candidats/philippe-murer/
62_7,62,7,Pas-de-Calais,Philippe OLIVIER,H,https://fnlegislatives.fr/candidats/philippe-olivier/
69_3,69,3,Rhône,Pierre DELACROIX,H,https://fnlegislatives.fr/candidats/pierre-delacroix/
83_8,83,8,Var,Pierre JUGY,H,https://fnlegislatives.fr/candidats/pierre-jugy/
95_5,95,5,Val-d'Oise,Pierre RENUCCI,H,https://fnlegislatives.fr/candidats/pierre-renucci/
69_8,69,8,Rhône,Pierre TERRAIL,H,https://fnlegislatives.fr/candidats/pierre-terrail/
77_4,77,4,Seine-et-Marne,Pierre-Charles CHERRIER,H,https://fnlegislatives.fr/candidats/pierre-charles-cherrier/
22_1,22,1,Côtes-d'Armor,Pierre-Yves LOPIN,H,https://fnlegislatives.fr/candidats/pierre-yves-lopin/
71_3,71,3,Saône-et-Loire,Quentin BIJARD,H,https://fnlegislatives.fr/candidats/quentin-bijard/
83_2,83,2,Var,Rachel ROUSSEL,F,https://fnlegislatives.fr/candidats/rachel-roussel/
42_4,42,4,Loire,Raphaëlle Jeanson,F,https://fnlegislatives.fr/candidats/raphaelle-jeanson/
61_1,61,1,Orne,Raymond Herbreteau,H,https://fnlegislatives.fr/candidats/raymond-herbreteau/
973_1,973,1,Guyane,René TRAN VAN NGHIA,H,https://fnlegislatives.fr/candidats/rene-tran-van-nghia/
82_2,82,2,Tarn-et-Garonne,Romain LOPEZ,H,https://fnlegislatives.fr/candidats/romain-lopez/
14_2,14,2,Calvados,Sabrina Joret,F,https://fnlegislatives.fr/candidats/sabrina-joret/
976_1,976,1,Mayotte,Sandi FAOULATI,H,https://fnlegislatives.fr/candidats/sandi-faoulati/
66_3,66,3,Pyrénées-Orientales,Sandrine DOGOR,F,https://fnlegislatives.fr/candidats/sandrine-dogor/
69_13,69,13,Rhône,Sandrine LIGOUT,F,https://fnlegislatives.fr/candidats/sandrine-ligout/
51_1,51,1,Marne,Sandrine VIGNOT,F,https://fnlegislatives.fr/candidats/sandrine-vignot/
42_5,42,5,Loire,Sarah Brosset,F,https://fnlegislatives.fr/candidats/brosset-sarah/
59_19,59,19,Nord,Sébastien CHENU,H,https://fnlegislatives.fr/candidats/sebastien-chenu/
999_11,999,11,Français établis hors de France,Sébastien Cochard,H,https://fnlegislatives.fr/candidats/sebastien-cochard/
88_1,88,1,Vosges,Sébastien HUMBERT,H,https://fnlegislatives.fr/candidats/sebastien-humbert/
93_7,93,7,Seine-Saint-Denis,Sébastien JOLIVET,H,https://fnlegislatives.fr/candidats/sebastien-jolivet/
08_1,8,1,Ardennes,Sophie Lorenzo,F,https://fnlegislatives.fr/candidats/sophie-lorenzo/
999_4,999,4,Français établis hors de France,Soraya LEMAIRE,F,https://fnlegislatives.fr/candidats/soraya-lemaire/
76_10,76,10,Seine-Maritime,Stacy BLONDEL,F,https://fnlegislatives.fr/candidats/stacy-blondel/
63_2,63,2,Puy-de-Dôme,Stanislas Chavelet,H,https://fnlegislatives.fr/candidats/stanislas-chavelet/
37_2,37,2,Indre-et-Loire,Stanislas de La Ruffie,H,https://fnlegislatives.fr/candidats/stanislas-de-la-ruffie/
77_1,77,1,Seine-et-Marne,Stéfanie CONIGLIO,F,https://fnlegislatives.fr/candidats/stefanie-coniglio/
971_2,971,2,Guadeloupe,Stéphan VIENNET,H,https://fnlegislatives.fr/candidats/stephan-viennet/
95_2,95,2,Val-d'Oise,Stéphane CAPDET,H,https://fnlegislatives.fr/candidats/stephane-capdet/
66_4,66,4,Pyrénées-Orientales,Stéphane MASSANELL,H,https://fnlegislatives.fr/candidats/stephane-massanell/
39_3,39,3,Jura,Stéphane Montrelay,H,https://fnlegislatives.fr/candidats/stephane-montrelay/
69_6,69,6,Rhône,Stéphane PONCET,H,https://fnlegislatives.fr/candidats/stephane-poncet/
999_10,999,10,Français établis hors de France,Stéphane Sakoschek,H,https://fnlegislatives.fr/candidats/stephane-sakoschek/
78_3,78,3,Yvelines,Stéphanie de GONNEVILLE,F,https://fnlegislatives.fr/candidats/stephanie-de-gonneville/
76_7,76,7,Seine-Maritime,Stéphanie FERRAND,F,https://fnlegislatives.fr/candidats/stephanie-ferrand/
95_10,95,10,Val-d'Oise,Suzanne KREBS,F,https://fnlegislatives.fr/candidats/suzanne-krebs/
68_6,68,6,Haut-Rhin,Sylvain Marcelli,H,https://fnlegislatives.fr/candidats/sylvain-marcelli/
64_6,64,6,Pyrénées-Atlantiques,Sylviane BUTTIGIEG,F,https://fnlegislatives.fr/candidats/sylviane-buttigieg/
53_2,53,2,Mayenne,Sylviane DEGÉ,F,https://fnlegislatives.fr/candidats/sylviane-dege/
56_3,56,3,Morbihan,Sylvie BAUD,F,https://fnlegislatives.fr/candidats/sylvie-baud/
59_3,59,3,Nord,Sylvie GODDYN,F,https://fnlegislatives.fr/candidats/sylvie-goddyn/
02_2,2,2,Aisne,Sylvie SAILLARD-MEUNIER,F,https://fnlegislatives.fr/candidats/sylvie-saillard-meunier/
63_4,63,4,Puy-de-Dôme,Sylwia Powarunas,F,https://fnlegislatives.fr/candidats/sylwia-powarunas/
67_4,67,4,Bas-Rhin,Thibault MANTEAUX,H,https://fnlegislatives.fr/candidats/thibault-manteaux/
84_2,84,2,Vaucluse,Thibaut de LA TOCNAYE,H,https://fnlegislatives.fr/candidats/thibaut-de-la-tocnaye/
59_17,59,17,Nord,Thibaut FRANÇOIS,H,https://fnlegislatives.fr/candidats/thibaut-francois/
91_9,91,9,Essonne,Thiebauld VEGA,H,https://fnlegislatives.fr/candidats/thiebauld-vega/
07_3,7,3,Ardèche,Thierry Arsac,H,https://fnlegislatives.fr/candidats/thierry-arsac/
51_4,51,4,Marne,Thierry BESSON,H,https://fnlegislatives.fr/candidats/thierry-besson/
94_1,94,1,Val-de-Marne,Thierry Devige,H,https://fnlegislatives.fr/candidats/thierry-devige/
78_1,78,1,Yvelines,Thierry PEREZ,H,https://fnlegislatives.fr/candidats/thierry-perez/
82_1,82,1,Tarn-et-Garonne,Thierry VIALLON,H,https://fnlegislatives.fr/candidats/thierry-viallon/
51_5,51,5,Marne,Thomas LAVAL,H,https://fnlegislatives.fr/candidats/thomas-laval/
76_1,76,1,Seine-Maritime,Thomas MARCY,H,https://fnlegislatives.fr/candidats/thomas-marcy/
95_8,95,8,Val-d'Oise,Tifanny ALLEAU,F,https://fnlegislatives.fr/candidats/tifanny-alleau/
69_1,69,1,Rhône,Tiffany JONCOUR,F,https://fnlegislatives.fr/candidats/tiffany-joncour/
75_10,75,10,Paris,Tiphaine LEOST,F,https://fnlegislatives.fr/candidats/tiphaine-leost/
92_1,92,1,Hauts-de-Seine,Tommy ANOU,F,https://fnlegislatives.fr/candidats/tommy-anou/
999_3,999,3,Français établis hors de France,Tony Thommes,H,https://fnlegislatives.fr/candidats/tony-thommes/
59_21,59,21,Nord,Valérie CAUDRON,F,https://fnlegislatives.fr/candidats/valerie-caudron/
91_2,91,2,Essonne,Valérie GIRARD,F,https://fnlegislatives.fr/candidats/valerie-girard/
13_16,13,16,Bouches-du-Rhône,Valérie LAUPIES,F,https://fnlegislatives.fr/candidats/valerie-laupies/
59_9,59,9,Nord,Valérie TALPAERT,F,https://fnlegislatives.fr/candidats/valerie-talpaert/
75_17,75,17,Paris,Vanessa LANCELOT,F,https://fnlegislatives.fr/candidats/vanessa-lancelot/
59_2,59,2,Nord,Véronique DESCAMPS,F,https://fnlegislatives.fr/candidats/veronique-descamps/
77_10,77,10,Seine-et-Marne,Véronique Fornilli Rata,F,https://fnlegislatives.fr/candidats/veronique-fornilli-rata/
37_4,37,4,Indre-et-Loire,Véronique Péan,F,https://fnlegislatives.fr/candidats/veronique-pean/
59_5,59,5,Nord,Victor CATTEAU,H,https://fnlegislatives.fr/candidats/victor-catteau/
78_7,78,7,Yvelines,Victoria KOSTIAEVA,F,https://fnlegislatives.fr/candidats/victoria-kostiaeva/
87_3,87,3,Haute-Vienne,Vincent GÉRARD,H,https://fnlegislatives.fr/candidats/vincent-gerard/
74_2,74,2,Haute-Savoie,Vincent Lecaillon,H,https://fnlegislatives.fr/candidats/vincent-lecaillon/
27_5,27,5,Eure,Vincent TAILLIEU,H,https://fnlegislatives.fr/candidats/vincent-taillieu/
81_3,81,3,Tarn,Virginie CALLEJON,F,https://fnlegislatives.fr/candidats/virginie-callejon/
46_2,46,2,Lot,Virginie CASTAGNOL,F,https://fnlegislatives.fr/candidats/virginie-castagnol/
67_7,67,7,Bas-Rhin,Virginie JORON,F,https://fnlegislatives.fr/candidats/virginie-joron/
59_10,59,10,Nord,Virginie ROSEZ,F,https://fnlegislatives.fr/candidats/virginie-rosez/
75_13,75,13,Paris,Wallerand de SAINT-JUST,H,https://fnlegislatives.fr/candidats/wallerand-de-saint-just/
74_4,74,4,Haute-Savoie,Wenceslas LIARD,H,https://fnlegislatives.fr/candidats/wenceslas-liard/
78_2,78,2,Yvelines,Yasmine BENZELMAT,F,https://fnlegislatives.fr/candidats/yasmine-benzelmat/
56_6,56,6,Morbihan,Yvan CHICHERY,H,https://fnlegislatives.fr/candidats/yvan-chichery/