Hosts,Host,Role,Portfolio,Date,Subject,Lobby Organisation,id
Pauline Rouch,Pauline Rouch,Cabinet,Presidency,20/11/2014,"Meeting with Rachel Whetstone, Google's Senior Vice President for Communications and Policy: role of internet and innovation to foster economic growth and job creation in Europe and Google initiatives in that field",Google,406
Eduard Hulicius,Eduard Hulicius,Cabinet,Justice,02/12/2014,Data protection,Google,405
Denzil Davidson,Denzil Davidson,Cabinet,Financial Markets,08/12/2014,Financial Services Policy,Apple,404
Friedrich-Nikolaus Von Peter,Friedrich-Nikolaus Von Peter,Cabinet,Transport,09/12/2014,Presentation from Vienna City Council on Smart City Wien,Google,403
Director-General Stephen Quest,Stephen Quest,Director-General,Digital Economy,11/12/2014,IT trends in the public sector,Microsoft,402
Michael Hager,Michael Hager,Cabinet,Digital Economy,22/12/2014,Digital market regulation / Digital skills,Microsoft,401
Tomasz Husak,Tomasz Husak,Cabinet,Internal Market,06/01/2015,"Microsoft's policies in the field of entrepreneurship of young people in Europe (YouthSpark), supporting start-ups (through BizSpark), helping SMEs (partner network) and the coherence of Microsoft's policies with the objectives of the Commissioner and future cooperation",Microsoft,400
Stig Joergen Gren,Stig Joergen Gren,Cabinet,Digital Single Market,07/01/2015,Platforms,Google,398
Director-General Vladimir Šucha,Vladimir Šucha,Director-General,Education,07/01/2015,Horizon scanning of new emerging technologies and spill-over of digital innovation to other sectors,Google,399
Michael Hager,Michael Hager,Cabinet,Digital Economy,14/01/2015,Digital skills,Microsoft,395
Juhan Lepassaar Stig Joergen Gren,Juhan Lepassaar,Cabinet,Digital Single Market,14/01/2015,Digital Single Market and Telecom Package reform,Microsoft,393
Stig Joergen Gren Juhan Lepassaar,Juhan Lepassaar,Cabinet,Digital Single Market,14/01/2015,Digital Single Market and Telecom Package reform,Microsoft,394
Juhan Lepassaar Stig Joergen Gren,Stig Joergen Gren,Cabinet,Digital Single Market,14/01/2015,Digital Single Market and Telecom Package reform,Microsoft,396
Stig Joergen Gren Juhan Lepassaar,Stig Joergen Gren,Cabinet,Digital Single Market,14/01/2015,Digital Single Market and Telecom Package reform,Microsoft,397
Commissioner Věra Jourová,Věra Jourová,Commissioner,Justice,16/01/2015,Round Table on Gender Diversity,Microsoft,392
Commissioner Günther Oettinger,Günther Oettinger,Commissioner,Digital Economy,19/01/2015,Digital Economy and Society,Google,388
Vice-President Andrus Ansip,Andrus Ansip,Vice-President,Digital Single Market,19/01/2015,"Digital Single Market, broadband investment, Google SME initiatives",Google,387
Stig Joergen Gren Kamila Kloc,Kamila Kloc,Cabinet,Digital Single Market,19/01/2015,"Digital Single Market, broadband investment, Google SME initiatives",Google,389
Stig Joergen Gren Kamila Kloc,Stig Joergen Gren,Cabinet,Digital Single Market,19/01/2015,"Digital Single Market, broadband investment, Google SME initiatives",Google,390
Commissioner Věra Jourová,Věra Jourová,Commissioner,Justice,19/01/2015,Data protection,Google,391
Kaius Kristian Hedberg Fabrice Comptour,Fabrice Comptour,Cabinet,Internal Market,20/01/2015,Future of the Information Society,Google,384
Kaius Kristian Hedberg Fabrice Comptour,Kaius Kristian Hedberg,Cabinet,Internal Market,20/01/2015,Future of the Information Society,Google,385
Commissioner Věra Jourová,Věra Jourová,Commissioner,Justice,20/01/2015,Data protection,Microsoft,386
Jasmin Battista,Jasmin Battista,Cabinet,Digital Single Market,21/01/2015,Web Services (cloud facilities) and Marketplace - Platform,Amazon,383
Vice-President Andrus Ansip,Andrus Ansip,Vice-President,Digital Single Market,22/01/2015,Digital Single Market,Uber,376
Jasmin Battista,Jasmin Battista,Cabinet,Digital Single Market,22/01/2015,Digital Single Market,Uber,379
Commissioner Pierre Moscovici,Pierre Moscovici,Commissioner,Economics & Tax,22/01/2015,"Meeting with Mr Kaplan, Vice-President Global, Facebook",Facebook,380
Commissioner Pierre Moscovici,Pierre Moscovici,Commissioner,Economics & Tax,22/01/2015,"Meeting with Mr Drummond, Senior Vice President of Corporate Development, Google",Google,381
Commissioner Elżbieta Bieńkowska,Elżbieta Bieńkowska,Commissioner,Internal Market,22/01/2015,Introductory meeting,Uber,377
Fabrice Comptour,Fabrice Comptour,Cabinet,Internal Market,22/01/2015,Introductory meeting,Uber,378
Commissioner Violeta Bulc,Violeta Bulc,Commissioner,Transport,22/01/2015,Meeting with Uber,Uber,382
Commissioner Günther Oettinger,Günther Oettinger,Commissioner,Digital Economy,23/01/2015,Digital Economy,Facebook,372
Commissioner Günther Oettinger,Günther Oettinger,Commissioner,Digital Economy,23/01/2015,Digital Single Market / digital skills,Microsoft,373
Edward Bannerman,Edward Bannerman,Cabinet,Jobs & Growth,23/01/2015,Investment plan,Microsoft,371
Vice-President Jyrki Katainen,Jyrki Katainen,Vice-President,Jobs & Growth,23/01/2015,Investment plan,Microsoft,375
Commissioner Cecilia Malmström,Cecilia Malmström,Commissioner,Trade,23/01/2015,Digital Agenda and Trade Policy,Google,370
Jon Nyman,Jon Nyman,Cabinet,Trade,23/01/2015,Digital Agenda and Trade Policy,Google,374
Adrienn Kiraly,Adrienn Kiraly,Cabinet,Education,27/01/2015,Google News and Copyright,Google,368
Jonathan Michael Hill,Jonathan Michael Hill,Cabinet,Education,27/01/2015,Google News and Copyright,Google,369
Anna Herold,Anna Herold,Cabinet,Digital Economy,28/01/2015,Copyright,Google,367
Adrienn Kiraly,Adrienn Kiraly,Cabinet,Education,29/01/2015,"Minority languages, Multilingualism, Copyright",Amazon,364
Commissioner Tibor Navracsics,Tibor Navracsics,Commissioner,Education,29/01/2015,"Minority languages, Multilingualism, Copyright",Amazon,366
Heidi Jern,Heidi Jern,Cabinet,Jobs & Growth,29/01/2015,Digital Single Market,Amazon,365
Eric Mamer,Eric Mamer,Cabinet,Digital Economy,09/02/2015,Digital Single Market,Amazon,363
Vice-President Andrus Ansip,Andrus Ansip,Vice-President,Digital Single Market,23/02/2015,"Digital Single Market, portability of content, standards and job creation through the app economy",Apple,361
Stig Joergen Gren,Stig Joergen Gren,Cabinet,Digital Single Market,23/02/2015,"Digital Single Market, portability of content, standards and job creation through the app economy",Apple,362
Michael Hager,Michael Hager,Cabinet,Digital Economy,25/02/2015,Regulatory issues,Microsoft,360
Carl-Christian Buhr,Carl-Christian Buhr,Cabinet,Agriculture,03/03/2015,Presentation of Google's Irish operations and Dublin Campus and of promotion activities to increase e-commerce success of food-chain companies,Google,354
Hanna Hinrikus,Hanna Hinrikus,Cabinet,Digital Single Market,03/03/2015,Digital skills,Microsoft,357
Maria Elena Scoppio,Maria Elena Scoppio,Cabinet,Economics & Tax,03/03/2015,Future corporate taxation rules in the EU,Apple,358
Sofia Asteriadi Diane Schmitt,Diane Schmitt,Cabinet,Home Affairs,03/03/2015,Proposals regarding Google contribution in the anti-radicalization debate and the fight against the presence of terrorism propaganda online,Google,355
Commissioner Dimitris Avramopoulos,Dimitris Avramopoulos,Commissioner,Home Affairs,03/03/2015,Proposals regarding Google contribution in the anti-radicalization debate and the fight against the presence of terrorism propaganda online,Google,356
Sofia Asteriadi Diane Schmitt,Sofia Asteriadi,Cabinet,Home Affairs,03/03/2015,Proposals regarding Google contribution in the anti-radicalization debate and the fight against the presence of terrorism propaganda online,Google,359
Patricia Reilly,Patricia Reilly,Cabinet,Education,04/03/2015,Microsoft education programmes,Microsoft,353
Markus Schulte,Markus Schulte,Cabinet,Digital Economy,16/03/2015,Digital Single Market,Apple,352
Eduard Hulicius,Eduard Hulicius,Cabinet,Justice,16/03/2015,ApplePay and mobile payment technologies in context of DSM,Apple,351
Pauline Rouch,Pauline Rouch,Cabinet,Presidency,17/03/2015,Digital Single Market,Amazon,350
Michael Hager,Michael Hager,Cabinet,Digital Economy,19/03/2015,Digital Single Market,Facebook,349
Director-General Xavier Prats Monné,Xavier Prats Monné,Director-General,Education,23/03/2015,Cooperation with Microsoft,Microsoft,347
Director-General Xavier Prats Monné,Xavier Prats Monné,Director-General,Education,23/03/2015,Future cooperation,Microsoft,348
Commissioner Tibor Navracsics,Tibor Navracsics,Commissioner,Education,24/03/2015,Digital Education,Microsoft,346
Michael Hager,Michael Hager,Cabinet,Digital Economy,26/03/2015,Digital skills,Google,343
Raquel Lucas Tuure Taneli Lahti,Raquel Lucas,Cabinet,Euro,26/03/2015,Economic outlook of Europe. Potential of global digital market place.,Google,344
Raquel Lucas Tuure Taneli Lahti,Tuure Taneli Lahti,Cabinet,Euro,26/03/2015,Economic outlook of Europe. Potential of global digital market place.,Google,345
Tomasz Husak,Tomasz Husak,Cabinet,Internal Market,10/04/2015,Promotion of the development of modern and innovative entrepreneurship in Europe and in Poland; Google’s activities in enhancing digital competencies and development of start-ups,Google,342
Liene Balta,Liene Balta,Cabinet,Better Regulation,13/04/2015,Exchange of views on Commission Work Programme in coming years,Uber,341
Markus Schulte,Markus Schulte,Cabinet,Digital Economy,16/04/2015,DSM,Amazon,340
Michael Hager,Michael Hager,Cabinet,Digital Economy,17/04/2015,Social media,Facebook,339
Director-General Xavier Prats Monné,Xavier Prats Monné,Director-General,Education,20/04/2015,Meeting with Google Cultural Institute (Mr Amit Sood),Google,338
Commissioner Günther Oettinger,Günther Oettinger,Commissioner,Digital Economy,21/04/2015,Data protection,Apple,335
Jonathan Michael Hill Adrienn Kiraly,Adrienn Kiraly,Cabinet,Education,21/04/2015,Google Cultural Institute,Google,334
Jonathan Michael Hill Adrienn Kiraly,Jonathan Michael Hill,Cabinet,Education,21/04/2015,Google Cultural Institute,Google,336
Renate Nikolay,Renate Nikolay,Cabinet,Justice,21/04/2015,Mutual Legal Assistance,Microsoft,337
Bernardus Smulders,Bernardus Smulders,Cabinet,Better Regulation,22/04/2015,Evaluate Current EU regulatory and enforcement issues & digital single market,Apple,332
Commissioner Günther Oettinger,Günther Oettinger,Commissioner,Digital Economy,22/04/2015,DSM,Microsoft,333
Kaius Kristian Hedberg Fabrice Comptour Rolf Carsten Bermig,Fabrice Comptour,Cabinet,Internal Market,18/05/2015,Presentation of a study,Microsoft,329
Kaius Kristian Hedberg Fabrice Comptour Rolf Carsten Bermig,Kaius Kristian Hedberg,Cabinet,Internal Market,18/05/2015,Presentation of a study,Microsoft,330
Kaius Kristian Hedberg Fabrice Comptour Rolf Carsten Bermig,Rolf Carsten Bermig,Cabinet,Internal Market,18/05/2015,Presentation of a study,Microsoft,331
Director-General Robert Madelin,Robert Madelin,Director-General,Digital Economy,19/05/2015,Digital Single Market,Google,328
Grzegorz Radziejewski,Grzegorz Radziejewski,Cabinet,Jobs & Growth,19/05/2015,Digital Single Market,Google,327
Arunas Vinciunas,Arunas Vinciunas,Cabinet,Health,27/05/2015,Telemedicine,Google,326
Kamila Kloc,Kamila Kloc,Cabinet,Digital Single Market,28/05/2015,DSM & platforms,Google,325
Commissioner Günther Oettinger,Günther Oettinger,Commissioner,Digital Economy,29/05/2015,DSM,Microsoft,324
Bodo Lehmann,Bodo Lehmann,Cabinet,Digital Economy,03/06/2015,privacy; data protection,Google,322
Maria Da Graca Carvalho,Maria Da Graca Carvalho,Cabinet,Research,03/06/2015,"Meeting with Messrs Holzle, Lundblad & Socuvka",Google,323
Maria Elena Scoppio,Maria Elena Scoppio,Cabinet,Economics & Tax,04/06/2015,Current taxation issues,Apple,319
Commissioner Pierre Moscovici,Pierre Moscovici,Commissioner,Economics & Tax,04/06/2015,Current taxation issues,Apple,321
Pauline Rouch,Pauline Rouch,Cabinet,Presidency,04/06/2015,Digital Single Market,Google,320
Anna Herold,Anna Herold,Cabinet,Digital Economy,09/06/2015,DSM,Microsoft,317
Kamila Kloc,Kamila Kloc,Cabinet,Digital Single Market,09/06/2015,"Copyright refrom, geo-blocking and platforms.",Microsoft,318
Kamila Kloc,Kamila Kloc,Cabinet,Digital Single Market,18/06/2015,Platforms & NIS,Amazon,316
Szabolcs Horvath,Szabolcs Horvath,Cabinet,Education,23/06/2015,The antitrust investigation case against Google,Google,314
Director-General Vladimir Šucha,Vladimir Šucha,Director-General,Education,23/06/2015,Workshop Google - Innovation cycle in Google ATAP,Google,315
Alfredo Sousa De Jesus,Alfredo Sousa De Jesus,Cabinet,Research,23/06/2015,Meeting with Adam Cohen & Sylwia Giepmans,Google,313
Head of the EPSC Ann Mettler,Ann Mettler,Head of the EPSC,Presidency,28/06/2015,Women in technology,Facebook,312
Michael Hager,Michael Hager,Cabinet,Digital Economy,29/06/2015,DSM,Facebook,308
Director-General Robert Madelin,Robert Madelin,Director-General,Digital Economy,29/06/2015,DSM and AVMSD,Facebook,310
Vice-President Andrus Ansip,Andrus Ansip,Vice-President,Digital Single Market,29/06/2015,"Digital Single Market, data protection and privacy",Facebook,306
Stig Joergen Gren,Stig Joergen Gren,Cabinet,Digital Single Market,29/06/2015,"Digital Single Market, data protection and privacy",Facebook,311
Renate Nikolay,Renate Nikolay,Cabinet,Justice,29/06/2015,Women and tech,Facebook,309
Commissioner Cecilia Malmström,Cecilia Malmström,Commissioner,Trade,29/06/2015,Digital trade,Facebook,307
Laure Chapuis-Kombos,Laure Chapuis-Kombos,Cabinet,Digital Single Market,30/06/2015,"Identity, Privacy and Security",Google,304
Stig Joergen Gren,Stig Joergen Gren,Cabinet,Digital Single Market,30/06/2015,copyright,Apple,305
Alfredo Sousa De Jesus,Alfredo Sousa De Jesus,Cabinet,Research,01/07/2015,"Opportunities and challenges in the field of transport, & work in the field of research.",Uber,303
Marlene Holzner,Marlene Holzner,Cabinet,Digital Economy,02/07/2015,DSM,Twitter,301
Diane Schmitt Sofia Asteriadi,Diane Schmitt,Cabinet,Home Affairs,02/07/2015,Preparation of the Internet Forum,Twitter,300
Diane Schmitt Sofia Asteriadi,Sofia Asteriadi,Cabinet,Home Affairs,02/07/2015,Preparation of the Internet Forum,Twitter,302
Director-General Robert Madelin,Robert Madelin,Director-General,Digital Economy,03/07/2015,DSM,Twitter,299
Maximilian Strotmann Hanna Hinrikus Juhan Lepassaar,Hanna Hinrikus,Cabinet,Digital Single Market,03/07/2015,DSM,Twitter,289
Maximilian Strotmann Juhan Lepassaar Hanna Hinrikus,Hanna Hinrikus,Cabinet,Digital Single Market,03/07/2015,DSM,Twitter,290
Juhan Lepassaar Maximilian Strotmann,Juhan Lepassaar,Cabinet,Digital Single Market,03/07/2015,"DSM, data, innovation",Twitter,291
Maximilian Strotmann Hanna Hinrikus Juhan Lepassaar,Juhan Lepassaar,Cabinet,Digital Single Market,03/07/2015,DSM,Twitter,292
Maximilian Strotmann Juhan Lepassaar,Juhan Lepassaar,Cabinet,Digital Single Market,03/07/2015,"DSM, data, innovation",Twitter,293
Maximilian Strotmann Juhan Lepassaar Hanna Hinrikus,Juhan Lepassaar,Cabinet,Digital Single Market,03/07/2015,DSM,Twitter,294
Juhan Lepassaar Maximilian Strotmann,Maximilian Strotmann,Cabinet,Digital Single Market,03/07/2015,"DSM, data, innovation",Twitter,295
Maximilian Strotmann Hanna Hinrikus Juhan Lepassaar,Maximilian Strotmann,Cabinet,Digital Single Market,03/07/2015,DSM,Twitter,296
Maximilian Strotmann Juhan Lepassaar,Maximilian Strotmann,Cabinet,Digital Single Market,03/07/2015,"DSM, data, innovation",Twitter,297
Maximilian Strotmann Juhan Lepassaar Hanna Hinrikus,Maximilian Strotmann,Cabinet,Digital Single Market,03/07/2015,DSM,Twitter,298
Anna Herold,Anna Herold,Cabinet,Digital Economy,06/07/2015,Digital News initiative,Google,288
Maria Elena Scoppio,Maria Elena Scoppio,Cabinet,Economics & Tax,07/07/2015,present Google's point of view on the ongoing Commission's investigation,Google,287
Andras Inotai,Andras Inotai,Cabinet,Environment,07/07/2015,Google competition case,Google,285
Edward Bannerman,Edward Bannerman,Cabinet,Jobs & Growth,07/07/2015,Innovation and competition in the digital sector,Google,286
Carl-Christian Buhr,Carl-Christian Buhr,Cabinet,Agriculture,09/07/2015,"Google's informed about its views on the changing online landscape and the DSM, especially its actions regarding platforms",Google,283
Jon Nyman,Jon Nyman,Cabinet,Trade,09/07/2015,"Digital trade agenda, services trade, TiSA and TTIP negotiations.",Microsoft,284
Heidi Jern,Heidi Jern,Cabinet,Jobs & Growth,13/07/2015,Sharing Economy,Uber,282
Eduard Hulicius Simona Constantin,Eduard Hulicius,Cabinet,Justice,15/07/2015,Sharing economy and new business models opportunities,Uber,280
Eduard Hulicius Simona Constantin,Simona Constantin,Cabinet,Justice,15/07/2015,Sharing economy and new business models opportunities,Uber,281
Eduard Hulicius,Eduard Hulicius,Cabinet,Justice,16/07/2015,Digital single market and consumer protection online,Amazon,278
Commissioner Věra Jourová,Věra Jourová,Commissioner,Justice,16/07/2015,Digital single market and consumer protection online,Amazon,279
Michael Hager,Michael Hager,Cabinet,Digital Economy,22/07/2015,European Interoperability Framework,Microsoft,277
Jan Ceyssens Raquel Lucas,Jan Ceyssens,Cabinet,Euro,30/07/2015,Digital Single Market,Google,275
Jan Ceyssens Raquel Lucas,Raquel Lucas,Cabinet,Euro,30/07/2015,Digital Single Market,Google,276
Eric Mamer,Eric Mamer,Cabinet,Digital Economy,26/08/2015,DSM,Amazon,274
Alfredo Sousa De Jesus,Alfredo Sousa De Jesus,Cabinet,Research,04/09/2015,DSM,Microsoft,273
Kaius Kristian Hedberg Rolf Carsten Bermig,Kaius Kristian Hedberg,Cabinet,Internal Market,07/09/2015,Digital Single Market-related policies,Microsoft,271
Kaius Kristian Hedberg Rolf Carsten Bermig,Rolf Carsten Bermig,Cabinet,Internal Market,07/09/2015,Digital Single Market-related policies,Microsoft,272
Director-General Dominique Ristori,Dominique Ristori,Director-General,Energy Union,10/09/2015,European energy policies,Google,269
Vice-President Jyrki Katainen,Jyrki Katainen,Vice-President,Jobs & Growth,10/09/2015,Digital Single Market,Uber,270
Kaius Kristian Hedberg,Kaius Kristian Hedberg,Cabinet,Internal Market,11/09/2015,Future policy actions,Google,268
Head of the EPSC Ann Mettler,Ann Mettler,Head of the EPSC,Presidency,11/09/2015,Collaborative economy,Uber,267
Juergen Mueller Aurore Maillet,Aurore Maillet,Cabinet,Environment,14/09/2015,Circular economy package,Apple,262
Director-General Daniel Calleja Crespo,Daniel Calleja Crespo,Director-General,Environment,14/09/2015,Ciruclar Economy,Apple,263
Juergen Mueller Aurore Maillet,Juergen Mueller,Cabinet,Environment,14/09/2015,Circular economy package,Apple,264
Commissioner Karmenu Vella,Karmenu Vella,Commissioner,Environment,14/09/2015,Circular Economy,Apple,265
Rolf Carsten Bermig,Rolf Carsten Bermig,Cabinet,Internal Market,14/09/2015,Apple's environmental initiatives and circular economy package,Apple,266
Head of the EPSC Ann Mettler,Ann Mettler,Head of the EPSC,Presidency,14/09/2015,Sustainable and social initiatives,Apple,261
Stig Joergen Gren,Stig Joergen Gren,Cabinet,Digital Single Market,16/09/2015,DSM,Microsoft,260
Grzegorz Radziejewski,Grzegorz Radziejewski,Cabinet,Jobs & Growth,16/09/2015,Digital Single Market,Microsoft,259
Inge Bernaerts,Inge Bernaerts,Cabinet,Employment,18/09/2015,social aspects of collaborative economy,Uber,258
Kaius Kristian Hedberg,Kaius Kristian Hedberg,Cabinet,Internal Market,21/09/2015,Current IP/standardization issues,Apple,257
Michael Hager,Michael Hager,Cabinet,Digital Economy,22/09/2015,digital policy,Facebook,256
Commissioner Günther Oettinger,Günther Oettinger,Commissioner,Digital Economy,23/09/2015,DSM,Apple,252
Commissioner Günther Oettinger,Günther Oettinger,Commissioner,Digital Economy,23/09/2015,DSM,Google,253
Tatyana Panova,Tatyana Panova,Cabinet,Euro,23/09/2015,Google's investments and initiatives in Europe as well as our vision on the Digital Single Market,Google,254
Vice-President Valdis Dombrovskis,Valdis Dombrovskis,Vice-President,Euro,23/09/2015,Google's investments and initiatives in Europe as well as our vision on the Digital Single Market,Google,255
Commissioner Carlos Moedas,Carlos Moedas,Commissioner,Research,23/09/2015,R&D investment in Europe and innovation policy,Google,251
Isabelle Perignon Renate Nikolay,Isabelle Perignon,Cabinet,Justice,24/09/2015,Data protection,Microsoft,249
Isabelle Perignon Renate Nikolay,Renate Nikolay,Cabinet,Justice,24/09/2015,Data protection,Microsoft,250
Commissioner Pierre Moscovici,Pierre Moscovici,Commissioner,Economics & Tax,01/10/2015,Corporate Tax Transparency,Amazon,247
Jan Ceyssens,Jan Ceyssens,Cabinet,Euro,01/10/2015,Corporate Tax Transparency,Amazon,245
Vice-President Valdis Dombrovskis,Valdis Dombrovskis,Vice-President,Euro,01/10/2015,Corporate Tax Transparency,Amazon,248
Commissioner Jonathan Hill,Jonathan Hill,Commissioner,Financial Markets,01/10/2015,Corporate Tax Transparency,Amazon,246
Renate Nikolay Isabelle Perignon Daniel Braun,Daniel Braun,Cabinet,Justice,02/10/2015,Hate speech on-line,Google,232
Renate Nikolay Isabelle Perignon Daniel Braun,Isabelle Perignon,Cabinet,Justice,02/10/2015,Hate speech on-line,Facebook,233
Renate Nikolay Isabelle Perignon Daniel Braun,Isabelle Perignon,Cabinet,Justice,02/10/2015,Hate speech on-line,Google,234
Renate Nikolay Isabelle Perignon Daniel Braun,Isabelle Perignon,Cabinet,Justice,02/10/2015,Hate speech on-line,Microsoft,235
Renate Nikolay Isabelle Perignon Daniel Braun,Isabelle Perignon,Cabinet,Justice,02/10/2015,Hate speech on-line,Twitter,236
Renate Nikolay Isabelle Perignon Daniel Braun,Renate Nikolay,Cabinet,Justice,02/10/2015,Hate speech on-line,Facebook,237
Renate Nikolay Isabelle Perignon Daniel Braun,Renate Nikolay,Cabinet,Justice,02/10/2015,Hate speech on-line,Google,238
Renate Nikolay Isabelle Perignon Daniel Braun,Renate Nikolay,Cabinet,Justice,02/10/2015,Hate speech on-line,Microsoft,239
Renate Nikolay Isabelle Perignon Daniel Braun,Renate Nikolay,Cabinet,Justice,02/10/2015,Hate speech on-line,Twitter,240
Commissioner Věra Jourová,Věra Jourová,Commissioner,Justice,02/10/2015,Hate speech on-line,Facebook,241
Commissioner Věra Jourová,Věra Jourová,Commissioner,Justice,02/10/2015,Hate speech on-line,Google,242
Commissioner Věra Jourová,Věra Jourová,Commissioner,Justice,02/10/2015,Hate speech on-line,Microsoft,243
Commissioner Věra Jourová,Věra Jourová,Commissioner,Justice,02/10/2015,Hate speech on-line,Twitter,244
Tânia Frazão Nunes,Tânia Frazão Nunes,Cabinet,Research,06/10/2015,Innovation and Competition,Google,231
Jasmin Battista,Jasmin Battista,Cabinet,Digital Single Market,13/10/2015,Investment Google Italy,Google,229
Director-General Michel Servoz,Michel Servoz,Director-General,Employment,13/10/2015,How Google can help the European Commission’s effort to boost digital skills and jobs in Europe,Google,230
Director-General Dominique Ristori,Dominique Ristori,Director-General,Energy Union,13/10/2015,European energy policy,Google,228
Stig Joergen Gren,Stig Joergen Gren,Cabinet,Digital Single Market,21/10/2015,Platforms,Google,227
Michael Hager,Michael Hager,Cabinet,Digital Economy,30/10/2015,platforms and DSM,Uber,226
Michael Hager,Michael Hager,Cabinet,Digital Economy,06/11/2015,DSM,Microsoft,225
Jan Mikolaj Dzieciolowski,Jan Mikolaj Dzieciolowski,Cabinet,Regional Policy,17/11/2015,Information exchange,Google,224
Laure Chapuis-Kombos,Laure Chapuis-Kombos,Cabinet,Digital Single Market,18/11/2015,Youtube kids app and discussion on their plans for lauching this app in Europe.,Google,223
Commissioner Günther Oettinger,Günther Oettinger,Commissioner,Digital Economy,20/11/2015,Digital transformation of the European industry,Google,222
Laure Chapuis-Kombos Jasmin Battista,Jasmin Battista,Cabinet,Digital Single Market,25/11/2015,digital divide of italian users and consumers / Web Safety,Google,220
Laure Chapuis-Kombos Jasmin Battista,Laure Chapuis-Kombos,Cabinet,Digital Single Market,25/11/2015,digital divide of italian users and consumers / Web Safety,Google,221
Bodo Lehmann,Bodo Lehmann,Cabinet,Digital Economy,26/11/2015,Cybersecurity and consumers fostering web safety,Google,219
Stig Joergen Gren Juhan Lepassaar,Juhan Lepassaar,Cabinet,Digital Single Market,30/11/2015,"platforms, copyright, data protection, AVMSD",Google,217
Stig Joergen Gren Juhan Lepassaar,Stig Joergen Gren,Cabinet,Digital Single Market,30/11/2015,"platforms, copyright, data protection, AVMSD",Google,218
Markus Schulte,Markus Schulte,Cabinet,Digital Economy,02/12/2015,Digital skills,Google,216
First Vice-President Frans Timmermans,Frans Timmermans,Cabinet,Better Regulation,03/12/2015,Business Europe CEO day,Google,211
Commissioner Günther Oettinger,Günther Oettinger,Commissioner,Digital Economy,03/12/2015,DSM and data protection,Facebook,212
Edward Bannerman,Edward Bannerman,Cabinet,Jobs & Growth,03/12/2015,Business Europe CEO day,Google,210
Heidi Jern,Heidi Jern,Cabinet,Jobs & Growth,03/12/2015,Digital Single market,Facebook,213
Vice-President Jyrki Katainen,Jyrki Katainen,Vice-President,Jobs & Growth,03/12/2015,Digital Single market,Facebook,214
Vice-President Jyrki Katainen,Jyrki Katainen,Vice-President,Jobs & Growth,03/12/2015,Business Europe CEO day,Google,215
Secretary-General Alexander Italianer,Alexander Italianer,Secretary-General,Presidency,03/12/2015,Business Europe CEO day,Google,208
Commissioner Carlos Moedas,Carlos Moedas,Commissioner,Research,03/12/2015,Business Europe CEO day,Google,209
Juhan Lepassaar Laure Chapuis-Kombos,Juhan Lepassaar,Cabinet,Digital Single Market,04/12/2015,DSM,Facebook,203
Juhan Lepassaar Laure Chapuis-Kombos,Laure Chapuis-Kombos,Cabinet,Digital Single Market,04/12/2015,DSM,Facebook,205
Kevin O'Connell Renate Nikolay,Kevin O'Connell,Cabinet,Justice,04/12/2015,Safe Harbour,Facebook,204
Kevin O'Connell Renate Nikolay,Renate Nikolay,Cabinet,Justice,04/12/2015,Safe Harbour,Facebook,206
Commissioner Věra Jourová,Věra Jourová,Commissioner,Justice,04/12/2015,Safe Harbour,Facebook,207
Nele Eichhorn,Nele Eichhorn,Cabinet,Trade,07/12/2015,digital trade,Apple,202
Jasmin Battista Juhan Lepassaar,Jasmin Battista,Cabinet,Digital Single Market,11/12/2015,collaborative economy within the Single Market,Uber,200
Jasmin Battista Juhan Lepassaar,Juhan Lepassaar,Cabinet,Digital Single Market,11/12/2015,collaborative economy within the Single Market,Uber,201
Szabolcs Horvath Adrienn Kiraly,Adrienn Kiraly,Cabinet,Education,17/12/2015,"Google Cultural institute future initiatives, Copyright",Google,198
Szabolcs Horvath Adrienn Kiraly,Szabolcs Horvath,Cabinet,Education,17/12/2015,"Google Cultural institute future initiatives, Copyright",Google,199
Kevin O'Connell,Kevin O'Connell,Cabinet,Justice,18/01/2016,Safe Harbour,Microsoft,196
Commissioner Věra Jourová,Věra Jourová,Commissioner,Justice,18/01/2016,Safe Harbour,Microsoft,197
Commissioner Günther Oettinger,Günther Oettinger,Commissioner,Digital Economy,19/01/2016,DSM,Microsoft,192
Vice-President Andrus Ansip,Andrus Ansip,Vice-President,Digital Single Market,19/01/2016,"Safe harbour, data centers in EU",Microsoft,189
Laure Chapuis-Kombos,Laure Chapuis-Kombos,Cabinet,Digital Single Market,19/01/2016,"Safe harbour, data centers in EU",Microsoft,193
Mette Toftdal Grolleman,Mette Toftdal Grolleman,Cabinet,Financial Markets,19/01/2016,Digitalisation in the banking sector and use of technology,Microsoft,194
Diane Schmitt Sofia Asteriadi,Diane Schmitt,Cabinet,Home Affairs,19/01/2016,Follow up to the launch of the EU Internet Forum,Microsoft,190
Commissioner Dimitris Avramopoulos,Dimitris Avramopoulos,Commissioner,Home Affairs,19/01/2016,Follow up to the launch of the EU Internet Forum,Microsoft,191
Diane Schmitt Sofia Asteriadi,Sofia Asteriadi,Cabinet,Home Affairs,19/01/2016,Follow up to the launch of the EU Internet Forum,Microsoft,195
Szabolcs Horvath Alicja Magda HERBOWSKA,Alicja Magda Herbowska,Cabinet,Education,20/01/2016,Google Cultural Institute and Digital Single Market,Google,187
Szabolcs Horvath Alicja Magda HERBOWSKA,Szabolcs Horvath,Cabinet,Education,20/01/2016,Google Cultural Institute and Digital Single Market,Google,188
Commissioner Günther Oettinger,Günther Oettinger,Commissioner,Digital Economy,21/01/2016,DSM,Google,185
Vice-President Andrus Ansip,Andrus Ansip,Vice-President,Digital Single Market,21/01/2016,"DSM, platforms, innovation",Uber,184
Commissioner Pierre Moscovici,Pierre Moscovici,Commissioner,Economics & Tax,21/01/2016,"Uber in Europe, EU law, EU legal framework and regulatory framework in relation to the collaborative economy.",Uber,186
Szabolcs Horvath,Szabolcs Horvath,Cabinet,Education,22/01/2016,Digital Single Market,Google,183
Edward Bannerman,Edward Bannerman,Cabinet,Jobs & Growth,22/01/2016,Sharing economy,Uber,181
Vice-President Jyrki Katainen,Jyrki Katainen,Vice-President,Jobs & Growth,22/01/2016,Sharing economy,Uber,182
Commissioner Carlos Moedas,Carlos Moedas,Commissioner,Research,23/01/2016,Open Innovation,Uber,180
Director-General Henrik Hololei,Henrik Hololei,Director-General,Transport,26/01/2016,drones,Amazon,179
Carl-Christian Buhr,Carl-Christian Buhr,Cabinet,Agriculture,27/01/2016,General presentation of setup and outlook of Google Ireland; ICT and rural development,Google,176
Friedrich Wenzel Bulst Linsey Mccallum,Friedrich Wenzel Bulst,Cabinet,Competition,27/01/2016,The Commission´s Digital Single Market Initiatives,Facebook,177
Friedrich Wenzel Bulst Linsey Mccallum,Linsey Mccallum,Cabinet,Competition,27/01/2016,The Commission´s Digital Single Market Initiatives,Facebook,178
Fabien Dell Maria Elena Scoppio,Elena Scoppio,Cabinet,Economics & Tax,01/02/2016,presentation of the company + discussions on ongoing tax initiatives,Amazon,173
Fabien Dell Maria Elena Scoppio,Fabien Dell Maria,Cabinet,Economics & Tax,01/02/2016,presentation of the company + discussions on ongoing tax initiatives,Amazon,174
Director-General Stephen Quest,Stephen Quest,Director-General,Economics & Tax,01/02/2016,Exchange of views on tax issues,Amazon,175
Juhan Lepassaar Vivian LOONELA,Juhan Lepassaar,Cabinet,Digital Single Market,02/02/2016,"DSM, platforms and geo-blocking",Amazon,171
Juhan Lepassaar Vivian LOONELA,Vivian Loonela,Cabinet,Digital Single Market,02/02/2016,"DSM, platforms and geo-blocking",Amazon,172
Eduard Hulicius Renate Nikolay,Eduard Hulicius,Cabinet,Justice,04/02/2016,"Data protection, Consumer policy",Amazon,169
Eduard Hulicius Renate Nikolay,Renate Nikolay,Cabinet,Justice,04/02/2016,"Data protection, Consumer policy",Amazon,170
Commissioner Günther Oettinger,Günther Oettinger,Commissioner,Digital Economy,09/02/2016,DSM,Microsoft,168
Eduard Hulicius,Eduard Hulicius,Cabinet,Justice,15/02/2016,"DSM agenda, hate speech online, digital contracts",Facebook,167
Laure Chapuis-Kombos,Laure Chapuis-Kombos,Cabinet,Digital Single Market,16/02/2016,"e-privacy reform, lawful access, and jurisdiction",Microsoft,166
Bodo Lehmann,Bodo Lehmann,Cabinet,Digital Economy,18/02/2016,e_privacy review,Microsoft,164
Director-General Roberto Viola,Roberto Viola,Director-General,Digital Economy,18/02/2016,DSM: Google engagement to improve digital skills in Europe - Platforms: present Google position on the discussion around platforms and discuss how self/co-regulation could address some of the policy issues on the table - European Cloud initiative: how Google can contribute to this important initiative,Google,165
Isabelle Perignon Kevin O'Connell,Isabelle Perignon,Cabinet,Justice,19/02/2016,"e-privacy reform, lawful access, and jurisdiction",Microsoft,162
Isabelle Perignon Kevin O'Connell,Kevin O'Connell,Cabinet,Justice,19/02/2016,"e-privacy reform, lawful access, and jurisdiction",Microsoft,163
Director-General Roberto Viola,Roberto Viola,Director-General,Digital Economy,23/02/2016,Review of Regulatory Framework; Platforms/OTT; Net Neutrality.,Facebook,161
Laure Chapuis-Kombos,Laure Chapuis-Kombos,Cabinet,Digital Single Market,23/02/2016,"e-privacy, next steps on the directive",Google,160
Bodo Lehmann,Bodo Lehmann,Cabinet,Digital Economy,24/02/2016,ePrivacy review,Microsoft,159
Commissioner Günther Oettinger,Günther Oettinger,Commissioner,Digital Economy,25/02/2016,"Digital Skills, DSM",Google,156
Martin Selmayr Pauline Rouch,Martin Selmayr,Cabinet,Presidency,25/02/2016,Digital Single Market,Google,157
Martin Selmayr Pauline Rouch,Pauline Rouch,Cabinet,Presidency,25/02/2016,Digital Single Market,Google,158
"Fabrice Comptour 
Tomasz Husak ",Fabrice Comptour,Cabinet,Internal Market,01/03/2016,Digital single market,Google,154
"Fabrice Comptour 
Tomasz Husak ",Tomasz Husak,Cabinet,Internal Market,01/03/2016,Digital single market,Google,155
Aura Salla,Aura Salla,Cabinet,Jobs & Growth,03/03/2016,Presenting new features in facebook,Facebook,153
Julie Fionda,Julie Fionda,Cabinet,Employment,08/03/2016,Skills,Facebook,152
Anna Herold,Anna Herold,Cabinet,Digital Economy,09/03/2016,DSM,Facebook,151
Vice-President Kristalina Georgieva,Kristalina Georgieva,Vice-President,Budget,19/03/2016,"Meeting of VP Georgieva with Caroline Atkinson, Google's Vice President of Public Policy",Google,150
"Laure Chapuis-Kombos 
Juhan Lepassaar",Juhan Lepassaar,Cabinet,Digital Single Market,21/03/2016,Digital news,Google,147
"Laure Chapuis-Kombos 
Juhan Lepassaar",Laure Chapuis-Kombos,Cabinet,Digital Single Market,21/03/2016,Digital News,Google,148
Commissioner Tibor Navracsics,Tibor Navracsics,Commissioner,Education,21/03/2016,Digital Single Market,Google,149
Director-General Henrik Hololei,Henrik Hololei,Director-General,Transport,21/03/2016,Digitalisation of transport,Google,146
"Anna Herold 
Michael Hager ",Anna Herold,Cabinet,Digital Economy,22/03/2016,Google news,Google,144
"Anna Herold 
Michael Hager ",Michael Hager,Cabinet,Digital Economy,22/03/2016,Google news,Google,145
Robert Schröder,Robert Schröder,Cabinet,Research,29/03/2016,Innovation and regulation,Uber,143
Marika LAUTSO-MOUSNIER,Marika Lautso-Mousnier,Cabinet,Jobs & Growth,04/04/2016,"e-privacy reform, lawful access and jurisdiction",Microsoft,141
Pauline Rouch,Pauline Rouch,Cabinet,Presidency,04/04/2016,Digital Single Market,Google,142
Marlene Holzner,Marlene Holzner,Cabinet,Digital Economy,11/04/2016,AVMSD,Facebook,140
Director-General Roberto Viola,Roberto Viola,Director-General,Digital Economy,19/04/2016,"Upcoming telecommunication policy issues incl. Issues regarding better regulation, deregulation, the role of OTT's and network neutrality.",Facebook,139
Eduard Hulicius,Eduard Hulicius,Cabinet,Justice,20/04/2016,opening of Brussels premises,Facebook,138
Director-General Gertrud Ingestad,Gertrud Ingestad,Director-General,Digital Economy,22/04/2016,"Google Presentation, Google Innovations, Devices at work (android and chrome),",Google,135
Michael Hager,Michael Hager,Cabinet,Digital Economy,22/04/2016,Innovation policy,Microsoft,137
"Giulia Del Brenna 
Antonio Lowndes Marques De Araujo Vicente",Antonio Lowndes Marques De Araujo Vicente ,Cabinet,Research,22/04/2016,Innovation policy,Microsoft,134
"Giulia Del Brenna 
Antonio Lowndes Marques De Araujo Vicente ",Giulia Del Brenna,Cabinet,Research,22/04/2016,Innovation policy,Microsoft,136
Marlene Holzner,Marlene Holzner,Cabinet,Digital Economy,25/04/2016,AVMSD,Twitter,132
"Daniel Braun 
Renate Nikolay ",Daniel Braun,Cabinet,Justice,25/04/2016,Hate speech on-line,Twitter,131
"Daniel Braun 
Renate Nikolay ",Renate Nikolay,Cabinet,Justice,25/04/2016,Hate speech on-line,Twitter,133
Yvon Slingenberg,Yvon Slingenberg,Cabinet,Climate & Energy,28/04/2016,"RES, Circular Economy",Google,130
Michael Hager,Michael Hager,Cabinet,Digital Economy,29/04/2016,DSM,Facebook,129
Juhan Lepassaar,Juhan Lepassaar,Cabinet,Digital Single Market,29/04/2016,DSM,Facebook,128
Commissioner Elżbieta Bieńkowska,Elżbieta Bieńkowska,Commissioner,Internal Market,03/05/2016,"Online platforms, e-commerce package, start-ups",Google,124
"Tomasz Husak 
Fabrice Comptour 
Kaius Kristian Hedberg ",Fabrice Comptour,Cabinet,Internal Market,03/05/2016,"Online platforms, e-commerce package, start-ups",Google,125
"Tomasz Husak 
Fabrice Comptour 
Kaius Kristian Hedberg ",Kaius Kristian Hedberg,Cabinet,Internal Market,03/05/2016,"Online platforms, e-commerce package, start-ups",Google,126
"Tomasz Husak 
Fabrice Comptour 
Kaius Kristian Hedberg ",Tomasz Husak,Cabinet,Internal Market,03/05/2016,"Online platforms, e-commerce package, start-ups",Google,127
"Daniel Giorev 
Denis CHAIBI ",Daniel Giorev,Cabinet,Budget,04/05/2016,"Meeting with Benoit Tabaka, Head of Mobile Economic Policy EMEA",Google,122
"Daniel Giorev 
Denis CHAIBI ",Denis Chaibi,Cabinet,Budget,04/05/2016,"Meeting with Benoit Tabaka, Head of Mobile Economic Policy EMEA",Google,123
Stefaan Hermans,Stefan Hermans,Cabinet,Employment,18/05/2016,Digital skills,Google,121
Fabrice Comptour,Fabrice Comptour,Cabinet,Internal Market,18/05/2016,Collaborative economy,Uber,120
Head of the EPSC Ann Mettler,Ann Mettler,Head of the EPSC,Presidency,18/05/2016,Digital Economy,Google,119
Michael Hager,Michael Hager,Cabinet,Digital Economy,19/05/2016,DSM,Google,117
Director-General Roberto Viola,Roberto Viola,Director-General,Digital Economy,19/05/2016,How Google can support the forthcoming co-regulation initiatives of EU Commission; Google vision on Copyright reform with specific regards to neighbouring rights; How Google can support the Commission agenda on the free flow of data and European cloud for research.,Google,118
Vice-President Andrus Ansip,Andrus Ansip,Vice-President,Digital Single Market,19/05/2016,"Platforms, copyright, DSM",Google,115
Maximilian Strotmann,Maximilian Strotmann,Cabinet,Digital Single Market,19/05/2016,"Platforms, copyright, DSM",Google,116
Eduard Hulicius,Eduard Hulicius,Cabinet,Justice,20/05/2016,Product safety,Amazon,114
Commissioner Elżbieta Bieńkowska,Elżbieta Bieńkowska,Commissioner,Internal Market,23/05/2016,Collaborative economy,Uber,106
Fabrice Comptour,Fabrice Comptour,Cabinet,Internal Market,23/05/2016,Collaborative economy,Uber,107
Kaius Kristian Hedberg,Kaius Kristian Hedberg,Cabinet,Internal Market,23/05/2016,Collaborative economy,Uber,112
Juho Romakkaniemi,Juho Romakkaniemi,Cabinet,Jobs & Growth,23/05/2016,Collaborative economy,Uber,111
Commissioner Carlos Moedas,Carlos Moedas,Commissioner,Research,23/05/2016,European Innovation Council / Boost disruptive innovation,Uber,105
"Jocelyn Fajardo 
Joshua Salsby ",Jocelyn Fajardo,Cabinet,Transport,23/05/2016,Meeting with Uber CEO,Uber,108
"Jocelyn Fajardo 
Joshua Salsby ",Joshua Salsby,Cabinet,Transport,23/05/2016,Meeting with Uber CEO,Uber,109
Josha Salsby,Joshua Salsby,Cabinet,Transport,23/05/2016,Collaborative economy,Uber,110
Commissioner Violeta Bulc,Violeta Bulc,Commissioner,Transport,23/05/2016,Meeting with Uber CEO,Uber,113
Vice-President Andrus Ansip,Andrus Ansip,Vice-President,Digital Single Market,24/05/2016,"Platforms, collaborative economy, e-commerce, startups",Uber,101
Vice-President Andrus Ansip,Andrus Ansip,Vice-President,Digital Single Market,24/05/2016,"Platforms, e-Commerce, geoblocking, copyright, competition, EU-US relations
",Apple,102
Maximilian Strotmann,Maximilian Strotmann,Cabinet,Digital Single Market,24/05/2016,"Platforms, collaborative economy, e-commerce, startups",Uber,103
Maximilian Strotmann,Maximilian Strotmann,Cabinet,Digital Single Market,24/05/2016,"Platforms, e-Commerce, geoblocking, copyright, competition, EU-US relations",Apple,104
"Giorgios ROSSIDES 
Diane Schmitt ",Diane Schmitt,Cabinet,Home Affairs,25/05/2016,Use of new technologies in the context of the security and migration crisis; EU Internet Forum follow up,Microsoft,99
"Giorgios ROSSIDES 
Diane Schmitt ",Giorgios Rossido,Cabinet,Home Affairs,25/05/2016,Use of new technologies in the context of the security and migration crisis; EU Internet Forum follow up,Microsoft,100
Michael Hager,Michael Hager,Cabinet,Digital Economy,27/05/2016,DSM,Microsoft,97
Stig Joergen Gren,Stig Joergen Gren,Cabinet,Digital Single Market,27/05/2016,"DSM general, copyright, free flow of data",Facebook,98
"Rolf Carsten Bermig 
Kaius Kristian Hedberg",Kaius Kristian Hedberg,Cabinet,Internal Market,31/05/2016,Memorandum of Understanding,Apple,95
"Rolf Carsten Bermig 
Kaius Kristian Hedberg",Rolf Carsten Bermig,Cabinet,Internal Market,31/05/2016,Memorandum of Understanding,Apple,96
Tomasz Husak,Tomasz Husak,Cabinet,Internal Market,01/06/2016,visit to the Campus Google,Google,94
Vice-President Maroš Šefčovič,Maroš Šefčovič,Vice-President,Energy Union,03/06/2016,"Energy efficiency, smart mobility",Google,93
Kaius Kristian Hedberg,Kaius Kristian Hedberg,Cabinet,Internal Market,10/06/2016,Meeting the new Managing Director EU Affairs and Head of Office in Brussels,Facebook,91
Marika LAUTSO-MOUSNIER,Marika Lautso-Mousnier,Cabinet,Jobs & Growth,10/06/2016,European Standards for the 21st Century and ICT Standards Priority Plan,Microsoft,92
Juho Romakkaniemi,Juho Romakkaniemi,Cabinet,Jobs & Growth,16/06/2016,Digital Single Market,Google,90
Manuel NOBRE GONCALVES Alfredo Sousa De Jesus Antonio Lowndes Marques De Araujo Vicente,Manuel Nobre Goncalves,Cabinet,Research,16/06/2016,mobile economy; open innovation,Google,87
Manuel NOBRE GONCALVES Alfredo Sousa De Jesus Antonio Lowndes Marques De Araujo Vicente,Alfredo Sousa De Jesus,Cabinet,Research,16/06/2016,mobile economy; open innovation,Google,88
Manuel NOBRE GONCALVES Alfredo Sousa De Jesus Antonio Lowndes Marques De Araujo Vicente,Antonio Lowndes Marques De Araujo Vicente ,Cabinet,Research,16/06/2016,mobile economy; open innovation,Google,89
Laure Chapuis-Kombos,Laure Chapuis-Kombos,Cabinet,Digital Single Market,17/06/2016,Privacy Shield,Facebook,86
Monika Ladmanova,Monika Ladmanova,Cabinet,Justice,22/06/2016,Corporate Social Responsibility,Google,85
Szabolcs Horvath,Szabolcs Horvath,Cabinet,Education,24/06/2016,Digital news initiative,Google,84
Anna Herold,Anna Herold,Cabinet,Digital Economy,27/06/2016,geoblocking,Amazon,82
Juhan Lepassaar,Juhan Lepassaar,Cabinet,Digital Single Market,27/06/2016,DSM related issues,Microsoft,83
Bodo Lehmann,Bodo Lehmann,Cabinet,Digital Economy,28/06/2016,connected and automated driving,Google,80
Friedrich-Nikolaus Von Peter,Friedrich-Nikolaus Von Peter,Cabinet,Transport,28/06/2016,self-driving car project,Google,81
Fabrice Comptour,Fabrice Comptour,Cabinet,Internal Market,30/06/2016,meeting the new Head of public policy and government relations in the EU,Uber,79
Szabolcs Horvath,Szabolcs Horvath,Cabinet,Education,04/07/2016,Digital Singel Market,Google,78
Markus Schulte,Markus Schulte,Cabinet,Digital Economy,07/07/2016,Telecom policy,Facebook,76
Telmo Baltazar,Telmo Baltazar,Cabinet,Presidency,07/07/2016,Transport policy,Uber,77
Fabrice Comptour,Fabrice Comptour,Cabinet,Internal Market,08/07/2016,collaborative economy,Uber,75
Director-General Roberto Viola,Roberto Viola,Cabinet,Digital Economy,12/07/2016,DSM (Telecoms review and upcoming legislation in September),Amazon,73
Joshua Salsby,Joshua Salsby,Cabinet,Transport,12/07/2016,Aviation,Amazon,74
Thibaut KLEINER,Thibaut Kleiner,Cabinet,Digital Economy,13/07/2016,Telco review,Facebook,72
Juhan Lepassaar Kamila Kloc Laure Chapuis-Kombos,Juhan Lepassaar,Cabinet,Digital Single Market,18/07/2016,"e-privacy, telecom review",Microsoft,68
Juhan Lepassaar Kamila Kloc Laure Chapuis-Kombos,Kamila Kloc,Cabinet,Digital Single Market,18/07/2016,"e-privacy, telecom review",Microsoft,69
Juhan Lepassaar Kamila Kloc Laure Chapuis-Kombos,Laure Chapuis-Kombos,Cabinet,Digital Single Market,18/07/2016,"e-privacy, telecom review",Microsoft,70
Vice-President Andrus Ansip,Andrus Ansip,Vice-President,Digital Single Market,18/07/2016,"e-privacy, telecom review",Microsoft,71
Andras Inotai,Andras Inotai,Cabinet,Environment,22/08/2016,Ongoing competition cases against Google,Google,67
Isabelle Perignon,Isabelle Perignon,Cabinet,Justice,22/08/2016,Competition issues,Google,66
Eduard Hulicius,Eduard Hulicius,Cabinet,Justice,29/08/2016,Copyright reform,Facebook,65
Kamila Kloc,Kamila Kloc,Cabinet,Digital Single Market,31/08/2016,"Net neutrality, telco review, e-privacy",Facebook,64
Hanna Hinrikus Stig Joergen Gren,Hanna Hinrikus,Cabinet,Digital Single Market,02/09/2016,Copyright,Google,62
Hanna Hinrikus Stig Joergen Gren,Stig Joergen Gren,Cabinet,Digital Single Market,02/09/2016,Copyright,Google,63
Vice-President Andrus Ansip,Andrus Ansip,Vice-President,Digital Single Market,08/09/2016,"Copyright, AVMSD",Google,56
Juhan Lepassaar Hanna Hinrikus,Juhan Lepassaar,Cabinet,Digital Single Market,08/09/2016,"Copyright, AVMSD",Google,57
Juhan Lepassaar Hanna Hinrikus,Hanna Hinrikus,Cabinet,Digital Single Market,08/09/2016,"Copyright, AVMSD",Google,58
Vice-President Andrus Ansip,Andrus Ansip,Vice-President,Digital Single Market,08/09/2016,"AVMSD, data protection",Facebook,59
Juhan Lepassaar Hanna Hinrikus,Juhan Lepassaar,Cabinet,Digital Single Market,08/09/2016,"AVMSD, data protection",Facebook,60
Juhan Lepassaar Hanna Hinrikus,Hanna Hinrikus,Cabinet,Digital Single Market,08/09/2016,"AVMSD, data protection",Facebook,61
Director-General Gertrud INGESTAD,Gertrud Ingestad,Director-General,Digital Economy,09/09/2016,"Microsoft strategy update, DIGIT priorities, Governance",Microsoft,55
Michael Hager Anna Herold,Michael Hager,Cabinet,Digital Economy,12/09/2016,copyright,Google,51
Michael Hager Anna Herold,Anna Herold,Cabinet,Digital Economy,12/09/2016,copyright,Google,52
Thibaut KLEINER,Thibaut Kleiner,Cabinet,Digital Economy,12/09/2016,"Copyright, innovation",Google,53
Director-General Roberto Viola,Roberto Viola,Cabinet,Digital Economy,12/09/2016,DSM (telecoms review and upcoming legislation in September),Amazon,54
Sebastian Kuck Edward Bannerman,Sebastian Kuck,Cabinet,Jobs & Growth,12/09/2016,Investment and competition issues,Google,49
Sebastian Kuck Edward Bannerman,Edward Bannerman,Cabinet,Jobs & Growth,12/09/2016,Investment and competition issues,Google,50
Commissioner Elżbieta Bieńkowska,Elżbieta Bieńkowska,Commissioner,Internal Market,20/09/2016,"innovation, start-ups, collaborative economy",Uber,46
Tomasz Husak Fabrice Comptour,Tomasz Husak,Cabinet,Internal Market,20/09/2016,"innovation, start-ups, collaborative economy",Uber,47
Tomasz Husak Fabrice Comptour,Fabrice Comptour,Cabinet,Internal Market,20/09/2016,"innovation, start-ups, collaborative economy",Uber,48
Head of the EPSC Ann Mettler,Ann Mettler,Head of the EPSC,Presidency,20/09/2016,Digital Economy,Facebook,45
Davinia Wood,Davinia Wood,Cabinet,Humanitarian Aid,21/09/2016,Preparation of Google Event BOZAR 19th Oct 2016,Google,43
Fabrice Comptour Tomasz Husak,Fabrice Comptour,Cabinet,Internal Market,21/09/2016,"Innovation, driverless cars",Google,41
Fabrice Comptour Tomasz Husak,Tomasz Husak,Cabinet,Internal Market,21/09/2016,"Innovation, driverless cars",Google,42
Commissioner Elżbieta Bieńkowska,Elżbieta Bieńkowska,Commissioner,Internal Market,21/09/2016,"Innovation, driverless cars",Google,44
Commissioner Elżbieta Bieńkowska,Elżbieta Bieńkowska,Commissioner,Internal Market,23/09/2016,"innovation, digital",Microsoft,38
Fabrice Comptour Tomasz Husak,Fabrice Comptour,Cabinet,Internal Market,23/09/2016,"innovation, digital",Microsoft,39
Fabrice Comptour Tomasz Husak,Tomasz Husak,Cabinet,Internal Market,23/09/2016,"innovation, digital",Microsoft,40
Markus Schulte,Markus Schulte,Cabinet,Digital Economy,28/09/2016,Telecom framework,Facebook,37
Laure Chapuis-Kombos,Laure Chapuis-Kombos,Cabinet,Digital Single Market,29/09/2016,e-privacy issues,Facebook,36
Thibaut KLEINER,Thibaut Kleiner,Cabinet,Digital Economy,03/10/2016,Publishing economies,Google,34
Kamila Kloc,Kamila Kloc,Cabinet,Digital Single Market,03/10/2016,Mobile economy,Google,35
Rodrigo Ballester,Rodrigo Ballester,Cabinet,Education,04/10/2016,ICT in education,Google,33
Commissioner Günther Oettinger,Günther Oettinger,Commissioner,Digital Economy,09/10/2016,US politics,Microsoft,32
Commissioner Günther Oettinger,Günther Oettinger,Commissioner,Digital Economy,10/10/2016,Geoblocking,Amazon,30
Commissioner Günther Oettinger,Günther Oettinger,Commissioner,Digital Economy,10/10/2016,DSM Strategy,Microsoft,31
Maximilian Strotmann,Maximilian Strotmann,Cabinet,Digital Single Market,11/10/2016,Platforms,Facebook,29
Kamila Kloc,Kamila Kloc,Cabinet,Digital Single Market,13/10/2016,"E-commerce, free flow of data, VAT",Amazon,27
Vice-President Andrus Ansip,Andrus Ansip,Vice-President,Digital Single Market,13/10/2016,"E-commerce, free flow of data, VAT",Amazon,28
Director-General Roberto Viola,Roberto Viola,Cabinet,Digital Economy,19/10/2016,Google vision on the Copyright reform proposal of the Commission; Update on partnership between Google and EU Industry stakeholders; e-Privacy Directive review,Google,26
Rodrigo Ballester,Rodrigo Ballester,Cabinet,Education,24/10/2016,ICT in education,Google,25
Rodrigo Ballester,Rodrigo Ballester,Cabinet,Education,07/11/2016,ICT in education,Google,24
Michael SHOTTER Martin Selmayr,Michael Shotter,Cabinet,Presidency,08/11/2016,Collaborative Economy,Uber,22
Michael SHOTTER Martin Selmayr,Martin Selmayr,Cabinet,Presidency,08/11/2016,Collaborative Economy,Uber,23
William NEALE,William Neale,Cabinet,Environment,09/11/2016,Sustainable mobility,Uber,21
Alisa TIGANJ,Alisa Tiganj,Cabinet,Transport,10/11/2016,"Uber, Affaires publiques en Europe centrale et orientale.",Uber,20
Commissioner Günther Oettinger,Günther Oettinger,Commissioner,Digital Economy,15/11/2016,technology in mobility services,Uber,17
Vice-President Andrus Ansip,Andrus Ansip,Vice-President,Digital Single Market,15/11/2016,"Collaborative economy, mobility services, startups",Uber,14
Maximilian Strotmann,Maximilian Strotmann,Cabinet,Digital Single Market,15/11/2016,"Collaborative economy, mobility services, startups",Uber,19
Juho Romakkaniemi,Juho Romakkaniemi,Cabinet,Jobs & Growth,15/11/2016,Digital Single Market,Microsoft,13
Vice-President Jyrki Katainen,Jyrki Katainen,Vice-President,Jobs & Growth,15/11/2016,Uber and competitiveness within the Single Market,Uber,15
Filomena CHIRICO,Filomena Chirico,Cabinet,Jobs & Growth,15/11/2016,Uber and competitiveness within the Single Market,Uber,18
Michael Karnitschnig,Michael Karnitschnig,Cabinet,Neighbourhood,15/11/2016,Economic reforms and mobility in the Neighbourhood countries,Uber,16
Commissioner Günther Oettinger,Günther Oettinger,Commissioner,Digital Economy,18/11/2016,DSM,Google,12
Daniel Braun Renate Nikolay,Daniel Braun,Cabinet,Justice,23/11/2016,Code of Conduct,Google,6
Daniel Braun Renate Nikolay,Renate Nikolay,Cabinet,Justice,23/11/2016,Code of Conduct,Google,7
Daniel Braun Renate Nikolay,Daniel Braun,Cabinet,Justice,23/11/2016,Code of Conduct,Facebook,8
Daniel Braun Renate Nikolay,Renate Nikolay,Cabinet,Justice,23/11/2016,Code of Conduct,Facebook,9
Daniel Braun Renate Nikolay,Daniel Braun,Cabinet,Justice,23/11/2016,Code of Conduct,Microsoft,10
Daniel Braun Renate Nikolay,Renate Nikolay,Cabinet,Justice,23/11/2016,Code of Conduct,Microsoft,11
Patricia Reilly,Patricia Reilly,Cabinet,Education,30/11/2016,Artificial Intelligence and Machine Learning in education and science,Google,4
Filomena CHIRICO,Filomena Chirico,Cabinet,Jobs & Growth,30/11/2016,ICT standard setting in the international context EU-US-China,Microsoft,5
Adrienn Kiraly Szabolcs Horvath,Adrienn Kiraly,Cabinet,Education,02/12/2016,Year of cultural heritage,Google,2
Adrienn Kiraly Szabolcs Horvath,Szabolcs Horvath,Cabinet,Education,02/12/2016,Year of cultural heritage,Google,3